exp_freq,species,freq,int,Ju,Kau,Kcu,Jl,Kal,Kcl,S,vt,ttype,label
,13c0,26514.389000000003,0.02,4,2,3,3,1,3,2,0,c,"MTBE-13c0 v<sub>t</sub> = 0<br />A 4<sub>2,3</sub>–3<sub>1,3</sub><br />Calc: 26514.3890 MHz"
,13c0,26520.059,0.0256,4,2,2,3,1,3,1,0,b,"MTBE-13c0 v<sub>t</sub> = 0<br />E 4<sub>2,2</sub>–3<sub>1,3</sub><br />Calc: 26520.0590 MHz"
,13c0,26526.565,0.006,4,2,2,3,1,3,2,0,b,"MTBE-13c0 v<sub>t</sub> = 0<br />A 4<sub>2,2</sub>–3<sub>1,3</sub><br />Calc: 26526.5650 MHz"
,13c0,26510.634,0.0256,4,2,3,3,1,2,1,0,b,"MTBE-13c0 v<sub>t</sub> = 0<br />E 4<sub>2,3</sub>–3<sub>1,2</sub><br />Calc: 26510.6340 MHz"
,13c0,26503.234,0.006,4,2,3,3,1,2,2,0,b,"MTBE-13c0 v<sub>t</sub> = 0<br />A 4<sub>2,3</sub>–3<sub>1,2</sub><br />Calc: 26503.2340 MHz"
,13c0,26515.41,0.02,4,2,2,3,1,2,2,0,c,"MTBE-13c0 v<sub>t</sub> = 0<br />A 4<sub>2,2</sub>–3<sub>1,2</sub><br />Calc: 26515.4100 MHz"
,13c0,29934.387,0.0388,4,3,2,3,2,2,1,0,c,"MTBE-13c0 v<sub>t</sub> = 0<br />E 4<sub>3,2</sub>–3<sub>2,2</sub><br />Calc: 29934.3870 MHz"
29930.646697,13c0,29930.655,0.0388,4,3,2,3,2,2,2,0,c,"MTBE-13c0 v<sub>t</sub> = 0<br />A 4<sub>3,2</sub>–3<sub>2,2</sub><br />Calc: 29930.6550 MHz<br /> Obs: 29930.6467 MHz"
,13c0,29934.384,0.0388,4,3,1,3,2,1,1,0,c,"MTBE-13c0 v<sub>t</sub> = 0<br />E 4<sub>3,1</sub>–3<sub>2,1</sub><br />Calc: 29934.3840 MHz"
29936.687785,13c0,29936.701,0.0388,4,3,1,3,2,1,2,0,c,"MTBE-13c0 v<sub>t</sub> = 0<br />A 4<sub>3,1</sub>–3<sub>2,1</sub><br />Calc: 29936.7010 MHz<br /> Obs: 29936.6878 MHz"
33353.576613,13c0,33353.583,0.0256,4,4,1,3,3,1,1,0,c,"MTBE-13c0 v<sub>t</sub> = 0<br />E 4<sub>4,1</sub>–3<sub>3,1</sub><br />Calc: 33353.5830 MHz<br /> Obs: 33353.5766 MHz"
33349.60934,13c0,33349.615999999995,0.052,4,4,1,3,3,1,2,0,c,"MTBE-13c0 v<sub>t</sub> = 0<br />A 4<sub>4,1</sub>–3<sub>3,1</sub><br />Calc: 33349.6160 MHz<br /> Obs: 33349.6093 MHz"
33353.576613,13c0,33353.583,0.0283999999999999,4,4,0,3,3,1,1,0,b,"MTBE-13c0 v<sub>t</sub> = 0<br />E 4<sub>4,0</sub>–3<sub>3,1</sub><br />Calc: 33353.5830 MHz<br /> Obs: 33353.5766 MHz"
33353.576613,13c0,33353.583,0.0283999999999999,4,4,1,3,3,0,1,0,b,"MTBE-13c0 v<sub>t</sub> = 0<br />E 4<sub>4,1</sub>–3<sub>3,0</sub><br />Calc: 33353.5830 MHz<br /> Obs: 33353.5766 MHz"
33353.576613,13c0,33353.583,0.0256,4,4,0,3,3,0,1,0,c,"MTBE-13c0 v<sub>t</sub> = 0<br />E 4<sub>4,0</sub>–3<sub>3,0</sub><br />Calc: 33353.5830 MHz<br /> Obs: 33353.5766 MHz"
33355.607322,13c0,33355.617000000006,0.052,4,4,0,3,3,0,2,0,c,"MTBE-13c0 v<sub>t</sub> = 0<br />A 4<sub>4,0</sub>–3<sub>3,0</sub><br />Calc: 33355.6170 MHz<br /> Obs: 33355.6073 MHz"
28431.211685,13c0,28431.215,0.048,5,1,5,4,0,4,1,0,b,"MTBE-13c0 v<sub>t</sub> = 0<br />E 5<sub>1,5</sub>–4<sub>0,4</sub><br />Calc: 28431.2150 MHz<br /> Obs: 28431.2117 MHz"
28430.71086,13c0,28430.73,0.048,5,1,5,4,0,4,2,0,b,"MTBE-13c0 v<sub>t</sub> = 0<br />A 5<sub>1,5</sub>–4<sub>0,4</sub><br />Calc: 28430.7300 MHz<br /> Obs: 28430.7109 MHz"
31863.662882,13c0,31863.696,0.0256,5,2,4,4,1,4,2,0,c,"MTBE-13c0 v<sub>t</sub> = 0<br />A 5<sub>2,4</sub>–4<sub>1,4</sub><br />Calc: 31863.6960 MHz<br /> Obs: 31863.6629 MHz"
31869.714864,13c0,31869.739,0.0376,5,2,3,4,1,4,1,0,b,"MTBE-13c0 v<sub>t</sub> = 0<br />E 5<sub>2,3</sub>–4<sub>1,4</sub><br />Calc: 31869.7390 MHz<br /> Obs: 31869.7149 MHz"
,13c0,31875.864,0.012,5,2,3,4,1,4,2,0,b,"MTBE-13c0 v<sub>t</sub> = 0<br />A 5<sub>2,3</sub>–4<sub>1,4</sub><br />Calc: 31875.8640 MHz"
31854.01654,13c0,31854.028,0.038,5,2,4,4,1,3,1,0,b,"MTBE-13c0 v<sub>t</sub> = 0<br />E 5<sub>2,4</sub>–4<sub>1,3</sub><br />Calc: 31854.0280 MHz<br /> Obs: 31854.0165 MHz"
31846.9712,13c0,31846.98,0.012,5,2,4,4,1,3,2,0,b,"MTBE-13c0 v<sub>t</sub> = 0<br />A 5<sub>2,4</sub>–4<sub>1,3</sub><br />Calc: 31846.9800 MHz<br /> Obs: 31846.9712 MHz"
31859.126301,13c0,31859.149,0.0256,5,2,3,4,1,3,2,0,c,"MTBE-13c0 v<sub>t</sub> = 0<br />A 5<sub>2,3</sub>–4<sub>1,3</sub><br />Calc: 31859.1490 MHz<br /> Obs: 31859.1263 MHz"
,13c0,35280.805,0.052,5,3,3,4,2,3,1,0,c,"MTBE-13c0 v<sub>t</sub> = 0<br />E 5<sub>3,3</sub>–4<sub>2,3</sub><br />Calc: 35280.8050 MHz"
35277.044986,13c0,35277.061,0.052,5,3,3,4,2,3,2,0,c,"MTBE-13c0 v<sub>t</sub> = 0<br />A 5<sub>3,3</sub>–4<sub>2,3</sub><br />Calc: 35277.0610 MHz<br /> Obs: 35277.0450 MHz"
,13c0,35280.797,0.052,5,3,2,4,2,2,1,0,c,"MTBE-13c0 v<sub>t</sub> = 0<br />E 5<sub>3,2</sub>–4<sub>2,2</sub><br />Calc: 35280.7970 MHz"
35283.094922,13c0,35283.101,0.052,5,3,2,4,2,2,2,0,c,"MTBE-13c0 v<sub>t</sub> = 0<br />A 5<sub>3,2</sub>–4<sub>2,2</sub><br />Calc: 35283.1010 MHz<br /> Obs: 35283.0949 MHz"
38695.891672,13c0,38695.897,0.072,5,4,2,4,3,2,2,0,c,"MTBE-13c0 v<sub>t</sub> = 0<br />A 5<sub>4,2</sub>–4<sub>3,2</sub><br />Calc: 38695.8970 MHz<br /> Obs: 38695.8917 MHz"
38699.870011,13c0,38699.873,0.068,5,4,1,4,3,2,1,0,b,"MTBE-13c0 v<sub>t</sub> = 0<br />E 5<sub>4,1</sub>–4<sub>3,2</sub><br />Calc: 38699.8730 MHz<br /> Obs: 38699.8700 MHz"
38699.870011,13c0,38699.873,0.068,5,4,2,4,3,1,1,0,b,"MTBE-13c0 v<sub>t</sub> = 0<br />E 5<sub>4,2</sub>–4<sub>3,1</sub><br />Calc: 38699.8730 MHz<br /> Obs: 38699.8700 MHz"
38701.892644,13c0,38701.891,0.072,5,4,1,4,3,1,2,0,c,"MTBE-13c0 v<sub>t</sub> = 0<br />A 5<sub>4,1</sub>–4<sub>3,1</sub><br />Calc: 38701.8910 MHz<br /> Obs: 38701.8926 MHz"
33773.088083,13c0,33773.095,0.068,6,1,6,5,0,5,1,0,b,"MTBE-13c0 v<sub>t</sub> = 0<br />E 6<sub>1,6</sub>–5<sub>0,5</sub><br />Calc: 33773.0950 MHz<br /> Obs: 33773.0881 MHz"
33772.741252,13c0,33772.749,0.068,6,1,6,5,0,5,2,0,b,"MTBE-13c0 v<sub>t</sub> = 0<br />A 6<sub>1,6</sub>–5<sub>0,5</sub><br />Calc: 33772.7490 MHz<br /> Obs: 33772.7413 MHz"
30382.389713,13c0,30382.409,0.044,6,0,6,5,1,5,1,0,b,"MTBE-13c0 v<sub>t</sub> = 0<br />E 6<sub>0,6</sub>–5<sub>1,5</sub><br />Calc: 30382.4090 MHz<br /> Obs: 30382.3897 MHz"
30382.734335,13c0,30382.742,0.044,6,0,6,5,1,5,2,0,b,"MTBE-13c0 v<sub>t</sub> = 0<br />A 6<sub>0,6</sub>–5<sub>1,5</sub><br />Calc: 30382.7420 MHz<br /> Obs: 30382.7343 MHz"
37213.880317,13c0,37213.874,0.0304,6,2,5,5,1,5,2,0,c,"MTBE-13c0 v<sub>t</sub> = 0<br />A 6<sub>2,5</sub>–5<sub>1,5</sub><br />Calc: 37213.8740 MHz<br /> Obs: 37213.8803 MHz"
37220.134288,13c0,37220.151,0.048,6,2,4,5,1,5,1,0,b,"MTBE-13c0 v<sub>t</sub> = 0<br />E 6<sub>2,4</sub>–5<sub>1,5</sub><br />Calc: 37220.1510 MHz<br /> Obs: 37220.1343 MHz"
37226.005822,13c0,37226.032,0.0184,6,2,4,5,1,5,2,0,b,"MTBE-13c0 v<sub>t</sub> = 0<br />A 6<sub>2,4</sub>–5<sub>1,5</sub><br />Calc: 37226.0320 MHz<br /> Obs: 37226.0058 MHz"
37196.567792,13c0,37196.578,0.048,6,2,5,5,1,4,1,0,b,"MTBE-13c0 v<sub>t</sub> = 0<br />E 6<sub>2,5</sub>–5<sub>1,4</sub><br />Calc: 37196.5780 MHz<br /> Obs: 37196.5678 MHz"
37189.737832,13c0,37189.748,0.0184,6,2,5,5,1,4,2,0,b,"MTBE-13c0 v<sub>t</sub> = 0<br />A 6<sub>2,5</sub>–5<sub>1,4</sub><br />Calc: 37189.7480 MHz<br /> Obs: 37189.7378 MHz"
37201.883441,13c0,37201.906,0.0308,6,2,4,5,1,4,2,0,c,"MTBE-13c0 v<sub>t</sub> = 0<br />A 6<sub>2,4</sub>–5<sub>1,4</sub><br />Calc: 37201.9060 MHz<br /> Obs: 37201.8834 MHz"
,13c0,26941.475,0.0076,6,1,6,5,2,4,2,0,c,"MTBE-13c0 v<sub>t</sub> = 0<br />A 6<sub>1,6</sub>–5<sub>2,4</sub><br />Calc: 26941.4750 MHz"
,13c0,26968.176,0.0128,6,1,5,5,2,4,1,0,b,"MTBE-13c0 v<sub>t</sub> = 0<br />E 6<sub>1,5</sub>–5<sub>2,4</sub><br />Calc: 26968.1760 MHz"
,13c0,26974.713,0.0052,6,1,5,5,2,4,2,0,b,"MTBE-13c0 v<sub>t</sub> = 0<br />A 6<sub>1,5</sub>–5<sub>2,4</sub><br />Calc: 26974.7130 MHz"
,13c0,26935.212,0.0128,6,1,6,5,2,3,1,0,b,"MTBE-13c0 v<sub>t</sub> = 0<br />E 6<sub>1,6</sub>–5<sub>2,3</sub><br />Calc: 26935.2120 MHz"
,13c0,26929.307,0.0052,6,1,6,5,2,3,2,0,b,"MTBE-13c0 v<sub>t</sub> = 0<br />A 6<sub>1,6</sub>–5<sub>2,3</sub><br />Calc: 26929.3070 MHz"
,13c0,26962.545,0.0076,6,1,5,5,2,3,2,0,c,"MTBE-13c0 v<sub>t</sub> = 0<br />A 6<sub>1,5</sub>–5<sub>2,3</sub><br />Calc: 26962.5450 MHz"
39114.165582,13c0,39114.15,0.0839999999999999,7,1,7,6,0,6,1,0,b,"MTBE-13c0 v<sub>t</sub> = 0<br />E 7<sub>1,7</sub>–6<sub>0,6</sub><br />Calc: 39114.1500 MHz<br /> Obs: 39114.1656 MHz"
39113.925876,13c0,39113.909,0.0839999999999999,7,1,7,6,0,6,2,0,b,"MTBE-13c0 v<sub>t</sub> = 0<br />A 7<sub>1,7</sub>–6<sub>0,6</sub><br />Calc: 39113.9090 MHz<br /> Obs: 39113.9259 MHz"
35733.748967,13c0,35733.69,0.06,7,0,7,6,1,6,1,0,b,"MTBE-13c0 v<sub>t</sub> = 0<br />E 7<sub>0,7</sub>–6<sub>1,6</sub><br />Calc: 35733.6900 MHz<br /> Obs: 35733.7490 MHz"
,13c0,35733.857,0.0559999999999999,7,0,7,6,1,6,2,0,b,"MTBE-13c0 v<sub>t</sub> = 0<br />A 7<sub>0,7</sub>–6<sub>1,6</sub><br />Calc: 35733.8570 MHz"
,13c0,32282.778,0.0104,7,1,7,6,2,5,2,0,c,"MTBE-13c0 v<sub>t</sub> = 0<br />A 7<sub>1,7</sub>–6<sub>2,5</sub><br />Calc: 32282.7780 MHz"
32320.344851,13c0,32320.364,0.0184,7,1,6,6,2,5,1,0,b,"MTBE-13c0 v<sub>t</sub> = 0<br />E 7<sub>1,6</sub>–6<sub>2,5</sub><br />Calc: 32320.3640 MHz<br /> Obs: 32320.3449 MHz"
,13c0,32326.761,0.008,7,1,6,6,2,5,2,0,b,"MTBE-13c0 v<sub>t</sub> = 0<br />A 7<sub>1,6</sub>–6<sub>2,5</sub><br />Calc: 32326.7610 MHz"
,13c0,32276.408000000003,0.018,7,1,7,6,2,4,1,0,b,"MTBE-13c0 v<sub>t</sub> = 0<br />E 7<sub>1,7</sub>–6<sub>2,4</sub><br />Calc: 32276.4080 MHz"
,13c0,32270.619,0.0076,7,1,7,6,2,4,2,0,b,"MTBE-13c0 v<sub>t</sub> = 0<br />A 7<sub>1,7</sub>–6<sub>2,4</sub><br />Calc: 32270.6190 MHz"
,13c0,32314.602,0.0104,7,1,6,6,2,4,2,0,c,"MTBE-13c0 v<sub>t</sub> = 0<br />A 7<sub>1,6</sub>–6<sub>2,4</sub><br />Calc: 32314.6020 MHz"
,13c0,28879.313,0.0104,7,2,6,6,3,4,1,0,c,"MTBE-13c0 v<sub>t</sub> = 0<br />E 7<sub>2,6</sub>–6<sub>3,4</sub><br />Calc: 28879.3130 MHz"
,13c0,28882.933,0.0104,7,2,6,6,3,4,2,0,c,"MTBE-13c0 v<sub>t</sub> = 0<br />A 7<sub>2,6</sub>–6<sub>3,4</sub><br />Calc: 28882.9330 MHz"
,13c0,28879.378,0.0104,7,2,5,6,3,3,1,0,c,"MTBE-13c0 v<sub>t</sub> = 0<br />E 7<sub>2,5</sub>–6<sub>3,3</sub><br />Calc: 28879.3780 MHz"
,13c0,28876.878,0.0104,7,2,5,6,3,3,2,0,c,"MTBE-13c0 v<sub>t</sub> = 0<br />A 7<sub>2,5</sub>–6<sub>3,3</sub><br />Calc: 28876.8780 MHz"
37623.199429,13c0,37623.238,0.0124,8,1,8,7,2,6,2,0,c,"MTBE-13c0 v<sub>t</sub> = 0<br />A 8<sub>1,8</sub>–7<sub>2,6</sub><br />Calc: 37623.2380 MHz<br /> Obs: 37623.1994 MHz"
37673.278385,13c0,37673.295000000006,0.0228,8,1,7,7,2,6,1,0,b,"MTBE-13c0 v<sub>t</sub> = 0<br />E 8<sub>1,7</sub>–7<sub>2,6</sub><br />Calc: 37673.2950 MHz<br /> Obs: 37673.2784 MHz"
,13c0,37679.561,0.0104,8,1,7,7,2,6,2,0,b,"MTBE-13c0 v<sub>t</sub> = 0<br />A 8<sub>1,7</sub>–7<sub>2,6</sub><br />Calc: 37679.5610 MHz"
37616.748555,13c0,37616.773,0.0224,8,1,8,7,2,5,1,0,b,"MTBE-13c0 v<sub>t</sub> = 0<br />E 8<sub>1,8</sub>–7<sub>2,5</sub><br />Calc: 37616.7730 MHz<br /> Obs: 37616.7486 MHz"
37611.094116,13c0,37611.09,0.01,8,1,8,7,2,5,2,0,b,"MTBE-13c0 v<sub>t</sub> = 0<br />A 8<sub>1,8</sub>–7<sub>2,5</sub><br />Calc: 37611.0900 MHz<br /> Obs: 37611.0941 MHz"
,13c0,37667.414,0.0128,8,1,7,7,2,5,2,0,c,"MTBE-13c0 v<sub>t</sub> = 0<br />A 8<sub>1,7</sub>–7<sub>2,5</sub><br />Calc: 37667.4140 MHz"
,13c0,34226.098,0.0139999999999999,8,2,7,7,3,5,1,0,c,"MTBE-13c0 v<sub>t</sub> = 0<br />E 8<sub>2,7</sub>–7<sub>3,5</sub><br />Calc: 34226.0980 MHz"
,13c0,34229.723999999995,0.0139999999999999,8,2,7,7,3,5,2,0,c,"MTBE-13c0 v<sub>t</sub> = 0<br />A 8<sub>2,7</sub>–7<sub>3,5</sub><br />Calc: 34229.7240 MHz"
,13c0,34226.207,0.0139999999999999,8,2,6,7,3,4,1,0,c,"MTBE-13c0 v<sub>t</sub> = 0<br />E 8<sub>2,6</sub>–7<sub>3,4</sub><br />Calc: 34226.2070 MHz"
,13c0,34223.672999999995,0.0139999999999999,8,2,6,7,3,4,2,0,c,"MTBE-13c0 v<sub>t</sub> = 0<br />A 8<sub>2,6</sub>–7<sub>3,4</sub><br />Calc: 34223.6730 MHz"
30810.545129,13c0,30810.526,0.008,8,3,6,7,4,4,2,0,c,"MTBE-13c0 v<sub>t</sub> = 0<br />A 8<sub>3,6</sub>–7<sub>4,4</sub><br />Calc: 30810.5260 MHz<br /> Obs: 30810.5451 MHz"
30806.687526,13c0,30806.713,0.008,8,3,5,7,4,4,1,0,b,"MTBE-13c0 v<sub>t</sub> = 0<br />E 8<sub>3,5</sub>–7<sub>4,4</sub><br />Calc: 30806.7130 MHz<br /> Obs: 30806.6875 MHz"
30806.687526,13c0,30806.713,0.008,8,3,6,7,4,3,1,0,b,"MTBE-13c0 v<sub>t</sub> = 0<br />E 8<sub>3,6</sub>–7<sub>4,3</sub><br />Calc: 30806.7130 MHz<br /> Obs: 30806.6875 MHz"
,13c0,30804.511,0.008,8,3,5,7,4,3,2,0,c,"MTBE-13c0 v<sub>t</sub> = 0<br />A 8<sub>3,5</sub>–7<sub>4,3</sub><br />Calc: 30804.5110 MHz"
,13c0,39572.862,0.0168,9,2,8,8,3,6,1,0,c,"MTBE-13c0 v<sub>t</sub> = 0<br />E 9<sub>2,8</sub>–8<sub>3,6</sub><br />Calc: 39572.8620 MHz"
,13c0,39576.502,0.0168,9,2,8,8,3,6,2,0,c,"MTBE-13c0 v<sub>t</sub> = 0<br />A 9<sub>2,8</sub>–8<sub>3,6</sub><br />Calc: 39576.5020 MHz"
,13c0,39573.033,0.0168,9,2,7,8,3,5,1,0,c,"MTBE-13c0 v<sub>t</sub> = 0<br />E 9<sub>2,7</sub>–8<sub>3,5</sub><br />Calc: 39573.0330 MHz"
,13c0,39570.456,0.0168,9,2,7,8,3,5,2,0,c,"MTBE-13c0 v<sub>t</sub> = 0<br />A 9<sub>2,7</sub>–8<sub>3,5</sub><br />Calc: 39570.4560 MHz"
,13c0,36157.376,0.0104,9,3,7,8,4,5,2,0,c,"MTBE-13c0 v<sub>t</sub> = 0<br />A 9<sub>3,7</sub>–8<sub>4,5</sub><br />Calc: 36157.3760 MHz"
36153.522189,13c0,36153.579,0.0104,9,3,6,8,4,5,1,0,b,"MTBE-13c0 v<sub>t</sub> = 0<br />E 9<sub>3,6</sub>–8<sub>4,5</sub><br />Calc: 36153.5790 MHz<br /> Obs: 36153.5222 MHz"
36153.522189,13c0,36153.578,0.0104,9,3,7,8,4,4,1,0,b,"MTBE-13c0 v<sub>t</sub> = 0<br />E 9<sub>3,7</sub>–8<sub>4,4</sub><br />Calc: 36153.5780 MHz<br /> Obs: 36153.5222 MHz"
,13c0,36151.364,0.0104,9,3,6,8,4,4,2,0,c,"MTBE-13c0 v<sub>t</sub> = 0<br />A 9<sub>3,6</sub>–8<sub>4,4</sub><br />Calc: 36151.3640 MHz"
,13c0,32737.83,0.0056,9,4,6,8,5,4,2,0,c,"MTBE-13c0 v<sub>t</sub> = 0<br />A 9<sub>4,6</sub>–8<sub>5,4</sub><br />Calc: 32737.8300 MHz"
,13c0,32731.867,0.0056,9,4,5,8,5,3,2,0,c,"MTBE-13c0 v<sub>t</sub> = 0<br />A 9<sub>4,5</sub>–8<sub>5,3</sub><br />Calc: 32731.8670 MHz"
,13c0,38084.755000000005,0.0068,10,4,7,9,5,5,2,0,c,"MTBE-13c0 v<sub>t</sub> = 0<br />A 10<sub>4,7</sub>–9<sub>5,5</sub><br />Calc: 38084.7550 MHz"
,13c0,38078.796,0.0068,10,4,6,9,5,4,2,0,c,"MTBE-13c0 v<sub>t</sub> = 0<br />A 10<sub>4,6</sub>–9<sub>5,4</sub><br />Calc: 38078.7960 MHz"
,13c0,29063.728000000003,0.0064,10,9,2,10,8,3,1,0,b,"MTBE-13c0 v<sub>t</sub> = 0<br />E 10<sub>9,2</sub>–10<sub>8,3</sub><br />Calc: 29063.7280 MHz"
,13c0,29058.789,0.0064,10,9,2,10,8,3,2,0,b,"MTBE-13c0 v<sub>t</sub> = 0<br />A 10<sub>9,2</sub>–10<sub>8,3</sub><br />Calc: 29058.7890 MHz"
,13c0,29063.728000000003,0.0064,10,9,1,10,8,2,1,0,b,"MTBE-13c0 v<sub>t</sub> = 0<br />E 10<sub>9,1</sub>–10<sub>8,2</sub><br />Calc: 29063.7280 MHz"
,13c0,29064.346,0.0064,10,9,1,10,8,2,2,0,b,"MTBE-13c0 v<sub>t</sub> = 0<br />A 10<sub>9,1</sub>–10<sub>8,2</sub><br />Calc: 29064.3460 MHz"
,13c0,29062.149,0.0068,11,9,3,11,8,4,1,0,b,"MTBE-13c0 v<sub>t</sub> = 0<br />E 11<sub>9,3</sub>–11<sub>8,4</sub><br />Calc: 29062.1490 MHz"
,13c0,29057.218,0.0068,11,9,3,11,8,4,2,0,b,"MTBE-13c0 v<sub>t</sub> = 0<br />A 11<sub>9,3</sub>–11<sub>8,4</sub><br />Calc: 29057.2180 MHz"
,13c0,29062.149,0.0068,11,9,2,11,8,3,1,0,b,"MTBE-13c0 v<sub>t</sub> = 0<br />E 11<sub>9,2</sub>–11<sub>8,3</sub><br />Calc: 29062.1490 MHz"
,13c0,29062.767,0.0068,11,9,2,11,8,3,2,0,b,"MTBE-13c0 v<sub>t</sub> = 0<br />A 11<sub>9,2</sub>–11<sub>8,3</sub><br />Calc: 29062.7670 MHz"
,13c0,29060.427,0.006,12,9,4,12,8,5,1,0,b,"MTBE-13c0 v<sub>t</sub> = 0<br />E 12<sub>9,4</sub>–12<sub>8,5</sub><br />Calc: 29060.4270 MHz"
,13c0,29055.504,0.006,12,9,4,12,8,5,2,0,b,"MTBE-13c0 v<sub>t</sub> = 0<br />A 12<sub>9,4</sub>–12<sub>8,5</sub><br />Calc: 29055.5040 MHz"
,13c0,29060.427,0.006,12,9,3,12,8,4,1,0,b,"MTBE-13c0 v<sub>t</sub> = 0<br />E 12<sub>9,3</sub>–12<sub>8,4</sub><br />Calc: 29060.4270 MHz"
,13c0,29061.044,0.006,12,9,3,12,8,4,2,0,b,"MTBE-13c0 v<sub>t</sub> = 0<br />A 12<sub>9,3</sub>–12<sub>8,4</sub><br />Calc: 29061.0440 MHz"
26795.459405,13c2,26795.465,0.0196,4,2,3,3,1,3,2,0,c,"MTBE-13c2 v<sub>t</sub> = 0<br />A 4<sub>2,3</sub>–3<sub>1,3</sub><br />Calc: 26795.4650 MHz<br /> Obs: 26795.4594 MHz"
,13c2,26801.222,0.0256,4,2,2,3,1,3,1,0,b,"MTBE-13c2 v<sub>t</sub> = 0<br />E 4<sub>2,2</sub>–3<sub>1,3</sub><br />Calc: 26801.2220 MHz"
,13c2,26807.754,0.006,4,2,2,3,1,3,2,0,b,"MTBE-13c2 v<sub>t</sub> = 0<br />A 4<sub>2,2</sub>–3<sub>1,3</sub><br />Calc: 26807.7540 MHz"
26791.286038,13c2,26791.303,0.0256,4,2,3,3,1,2,1,0,b,"MTBE-13c2 v<sub>t</sub> = 0<br />E 4<sub>2,3</sub>–3<sub>1,2</sub><br />Calc: 26791.3030 MHz<br /> Obs: 26791.2860 MHz"
,13c2,26783.865,0.006,4,2,3,3,1,2,2,0,b,"MTBE-13c2 v<sub>t</sub> = 0<br />A 4<sub>2,3</sub>–3<sub>1,2</sub><br />Calc: 26783.8650 MHz"
26796.151703,13c2,26796.154,0.0196,4,2,2,3,1,2,2,0,c,"MTBE-13c2 v<sub>t</sub> = 0<br />A 4<sub>2,2</sub>–3<sub>1,2</sub><br />Calc: 26796.1540 MHz<br /> Obs: 26796.1517 MHz"
,13c2,30104.361,0.0388,4,3,2,3,2,2,1,0,c,"MTBE-13c2 v<sub>t</sub> = 0<br />E 4<sub>3,2</sub>–3<sub>2,2</sub><br />Calc: 30104.3610 MHz"
30100.566647,13c2,30100.592,0.0388,4,3,2,3,2,2,2,0,c,"MTBE-13c2 v<sub>t</sub> = 0<br />A 4<sub>3,2</sub>–3<sub>2,2</sub><br />Calc: 30100.5920 MHz<br /> Obs: 30100.5666 MHz"
,13c2,30104.358,0.0388,4,3,1,3,2,1,1,0,c,"MTBE-13c2 v<sub>t</sub> = 0<br />E 4<sub>3,1</sub>–3<sub>2,1</sub><br />Calc: 30104.3580 MHz"
30106.695622,13c2,30106.693,0.0388,4,3,1,3,2,1,2,0,c,"MTBE-13c2 v<sub>t</sub> = 0<br />A 4<sub>3,1</sub>–3<sub>2,1</sub><br />Calc: 30106.6930 MHz<br /> Obs: 30106.6956 MHz"
33412.610706,13c2,33412.616,0.0268,4,4,1,3,3,1,1,0,c,"MTBE-13c2 v<sub>t</sub> = 0<br />E 4<sub>4,1</sub>–3<sub>3,1</sub><br />Calc: 33412.6160 MHz<br /> Obs: 33412.6107 MHz"
33408.611123,13c2,33408.608,0.052,4,4,1,3,3,1,2,0,c,"MTBE-13c2 v<sub>t</sub> = 0<br />A 4<sub>4,1</sub>–3<sub>3,1</sub><br />Calc: 33408.6080 MHz<br /> Obs: 33408.6111 MHz"
33412.610706,13c2,33412.616,0.0268,4,4,0,3,3,1,1,0,b,"MTBE-13c2 v<sub>t</sub> = 0<br />E 4<sub>4,0</sub>–3<sub>3,1</sub><br />Calc: 33412.6160 MHz<br /> Obs: 33412.6107 MHz"
33412.610706,13c2,33412.616,0.0268,4,4,1,3,3,0,1,0,b,"MTBE-13c2 v<sub>t</sub> = 0<br />E 4<sub>4,1</sub>–3<sub>3,0</sub><br />Calc: 33412.6160 MHz<br /> Obs: 33412.6107 MHz"
33412.610706,13c2,33412.616,0.0268,4,4,0,3,3,0,1,0,c,"MTBE-13c2 v<sub>t</sub> = 0<br />E 4<sub>4,0</sub>–3<sub>3,0</sub><br />Calc: 33412.6160 MHz<br /> Obs: 33412.6107 MHz"
33414.667536,13c2,33414.663,0.052,4,4,0,3,3,0,2,0,c,"MTBE-13c2 v<sub>t</sub> = 0<br />A 4<sub>4,0</sub>–3<sub>3,0</sub><br />Calc: 33414.6630 MHz<br /> Obs: 33414.6675 MHz"
28934.30104,13c2,28934.288,0.048,5,1,5,4,0,4,1,0,b,"MTBE-13c2 v<sub>t</sub> = 0<br />E 5<sub>1,5</sub>–4<sub>0,4</sub><br />Calc: 28934.2880 MHz<br /> Obs: 28934.3010 MHz"
28933.810605,13c2,28933.814,0.048,5,1,5,4,0,4,2,0,b,"MTBE-13c2 v<sub>t</sub> = 0<br />A 5<sub>1,5</sub>–4<sub>0,4</sub><br />Calc: 28933.8140 MHz<br /> Obs: 28933.8106 MHz"
,13c2,32256.776,0.0252,5,2,4,4,1,4,2,0,c,"MTBE-13c2 v<sub>t</sub> = 0<br />A 5<sub>2,4</sub>–4<sub>1,4</sub><br />Calc: 32256.7760 MHz"
32262.887876,13c2,32262.901,0.0376,5,2,3,4,1,4,1,0,b,"MTBE-13c2 v<sub>t</sub> = 0<br />E 5<sub>2,3</sub>–4<sub>1,4</sub><br />Calc: 32262.9010 MHz<br /> Obs: 32262.8879 MHz"
,13c2,32269.057,0.0124,5,2,3,4,1,4,2,0,b,"MTBE-13c2 v<sub>t</sub> = 0<br />A 5<sub>2,3</sub>–4<sub>1,4</sub><br />Calc: 32269.0570 MHz"
32246.370393,13c2,32246.364,0.0376,5,2,4,4,1,3,1,0,b,"MTBE-13c2 v<sub>t</sub> = 0<br />E 5<sub>2,4</sub>–4<sub>1,3</sub><br />Calc: 32246.3640 MHz<br /> Obs: 32246.3704 MHz"
,13c2,32239.274,0.0124,5,2,4,4,1,3,2,0,b,"MTBE-13c2 v<sub>t</sub> = 0<br />A 5<sub>2,4</sub>–4<sub>1,3</sub><br />Calc: 32239.2740 MHz"
,13c2,32251.555000000004,0.0256,5,2,3,4,1,3,2,0,c,"MTBE-13c2 v<sub>t</sub> = 0<br />A 5<sub>2,3</sub>–4<sub>1,3</sub><br />Calc: 32251.5550 MHz"
,13c2,35562.612,0.052,5,3,3,4,2,3,1,0,c,"MTBE-13c2 v<sub>t</sub> = 0<br />E 5<sub>3,3</sub>–4<sub>2,3</sub><br />Calc: 35562.6120 MHz"
35558.812617,13c2,35558.828,0.052,5,3,3,4,2,3,2,0,c,"MTBE-13c2 v<sub>t</sub> = 0<br />A 5<sub>3,3</sub>–4<sub>2,3</sub><br />Calc: 35558.8280 MHz<br /> Obs: 35558.8126 MHz"
,13c2,35562.602,0.052,5,3,2,4,2,2,1,0,c,"MTBE-13c2 v<sub>t</sub> = 0<br />E 5<sub>3,2</sub>–4<sub>2,2</sub><br />Calc: 35562.6020 MHz"
35564.925146,13c2,35564.925,0.052,5,3,2,4,2,2,2,0,c,"MTBE-13c2 v<sub>t</sub> = 0<br />A 5<sub>3,2</sub>–4<sub>2,2</sub><br />Calc: 35564.9250 MHz<br /> Obs: 35564.9251 MHz"
38870.745385,13c2,38870.738000000005,0.0292,5,4,2,4,3,2,1,0,c,"MTBE-13c2 v<sub>t</sub> = 0<br />E 5<sub>4,2</sub>–4<sub>3,2</sub><br />Calc: 38870.7380 MHz<br /> Obs: 38870.7454 MHz"
38866.726515,13c2,38866.72,0.068,5,4,2,4,3,2,2,0,c,"MTBE-13c2 v<sub>t</sub> = 0<br />A 5<sub>4,2</sub>–4<sub>3,2</sub><br />Calc: 38866.7200 MHz<br /> Obs: 38866.7265 MHz"
38870.745385,13c2,38870.738000000005,0.04,5,4,1,4,3,2,1,0,b,"MTBE-13c2 v<sub>t</sub> = 0<br />E 5<sub>4,1</sub>–4<sub>3,2</sub><br />Calc: 38870.7380 MHz<br /> Obs: 38870.7454 MHz"
38870.745385,13c2,38870.738000000005,0.04,5,4,2,4,3,1,1,0,b,"MTBE-13c2 v<sub>t</sub> = 0<br />E 5<sub>4,2</sub>–4<sub>3,1</sub><br />Calc: 38870.7380 MHz<br /> Obs: 38870.7454 MHz"
38870.745385,13c2,38870.738000000005,0.0292,5,4,1,4,3,1,1,0,c,"MTBE-13c2 v<sub>t</sub> = 0<br />E 5<sub>4,1</sub>–4<sub>3,1</sub><br />Calc: 38870.7380 MHz<br /> Obs: 38870.7454 MHz"
38872.771775,13c2,38872.769,0.068,5,4,1,4,3,1,2,0,c,"MTBE-13c2 v<sub>t</sub> = 0<br />A 5<sub>4,1</sub>–4<sub>3,1</sub><br />Calc: 38872.7690 MHz<br /> Obs: 38872.7718 MHz"
34387.760669,13c2,34387.757,0.068,6,1,6,5,0,5,1,0,b,"MTBE-13c2 v<sub>t</sub> = 0<br />E 6<sub>1,6</sub>–5<sub>0,5</sub><br />Calc: 34387.7570 MHz<br /> Obs: 34387.7607 MHz"
34387.438172,13c2,34387.417,0.068,6,1,6,5,0,5,2,0,b,"MTBE-13c2 v<sub>t</sub> = 0<br />A 6<sub>1,6</sub>–5<sub>0,5</sub><br />Calc: 34387.4170 MHz<br /> Obs: 34387.4382 MHz"
31109.470383,13c2,31109.473,0.044,6,0,6,5,1,5,1,0,b,"MTBE-13c2 v<sub>t</sub> = 0<br />E 6<sub>0,6</sub>–5<sub>1,5</sub><br />Calc: 31109.4730 MHz<br /> Obs: 31109.4704 MHz"
31109.796728,13c2,31109.797,0.044,6,0,6,5,1,5,2,0,b,"MTBE-13c2 v<sub>t</sub> = 0<br />A 6<sub>0,6</sub>–5<sub>1,5</sub><br />Calc: 31109.7970 MHz<br /> Obs: 31109.7967 MHz"
37719.029515,13c2,37718.998,0.03,6,2,5,5,1,5,2,0,c,"MTBE-13c2 v<sub>t</sub> = 0<br />A 6<sub>2,5</sub>–5<sub>1,5</sub><br />Calc: 37718.9980 MHz<br /> Obs: 37719.0295 MHz"
37725.287074,13c2,37725.355,0.048,6,2,4,5,1,5,1,0,b,"MTBE-13c2 v<sub>t</sub> = 0<br />E 6<sub>2,4</sub>–5<sub>1,5</sub><br />Calc: 37725.3550 MHz<br /> Obs: 37725.2871 MHz"
37731.332921,13c2,37731.269,0.0184,6,2,4,5,1,5,2,0,b,"MTBE-13c2 v<sub>t</sub> = 0<br />A 6<sub>2,4</sub>–5<sub>1,5</sub><br />Calc: 37731.2690 MHz<br /> Obs: 37731.3329 MHz"
37700.53344,13c2,37700.541000000005,0.048,6,2,5,5,1,4,1,0,b,"MTBE-13c2 v<sub>t</sub> = 0<br />E 6<sub>2,5</sub>–5<sub>1,4</sub><br />Calc: 37700.5410 MHz<br /> Obs: 37700.5334 MHz"
,13c2,37693.666,0.0188,6,2,5,5,1,4,2,0,b,"MTBE-13c2 v<sub>t</sub> = 0<br />A 6<sub>2,5</sub>–5<sub>1,4</sub><br />Calc: 37693.6660 MHz"
37705.924783,13c2,37705.937,0.0304,6,2,4,5,1,4,2,0,c,"MTBE-13c2 v<sub>t</sub> = 0<br />A 6<sub>2,4</sub>–5<sub>1,4</sub><br />Calc: 37705.9370 MHz<br /> Obs: 37705.9248 MHz"
,13c2,27778.081,0.0076,6,1,6,5,2,4,2,0,c,"MTBE-13c2 v<sub>t</sub> = 0<br />A 6<sub>1,6</sub>–5<sub>2,4</sub><br />Calc: 27778.0810 MHz"
,13c2,27806.435,0.0128,6,1,5,5,2,4,1,0,b,"MTBE-13c2 v<sub>t</sub> = 0<br />E 6<sub>1,5</sub>–5<sub>2,4</sub><br />Calc: 27806.4350 MHz"
,13c2,27813.025,0.0052,6,1,5,5,2,4,2,0,b,"MTBE-13c2 v<sub>t</sub> = 0<br />A 6<sub>1,5</sub>–5<sub>2,4</sub><br />Calc: 27813.0250 MHz"
,13c2,27771.743,0.0128,6,1,6,5,2,3,1,0,b,"MTBE-13c2 v<sub>t</sub> = 0<br />E 6<sub>1,6</sub>–5<sub>2,3</sub><br />Calc: 27771.7430 MHz"
,13c2,27765.8,0.0052,6,1,6,5,2,3,2,0,b,"MTBE-13c2 v<sub>t</sub> = 0<br />A 6<sub>1,6</sub>–5<sub>2,3</sub><br />Calc: 27765.8000 MHz"
,13c2,27800.744,0.0076,6,1,5,5,2,3,2,0,c,"MTBE-13c2 v<sub>t</sub> = 0<br />A 6<sub>1,5</sub>–5<sub>2,3</sub><br />Calc: 27800.7440 MHz"
39840.358778,13c2,39840.359,0.0839999999999999,7,1,7,6,0,6,1,0,b,"MTBE-13c2 v<sub>t</sub> = 0<br />E 7<sub>1,7</sub>–6<sub>0,6</sub><br />Calc: 39840.3590 MHz<br /> Obs: 39840.3588 MHz"
39840.113263,13c2,39840.123,0.0839999999999999,7,1,7,6,0,6,2,0,b,"MTBE-13c2 v<sub>t</sub> = 0<br />A 7<sub>1,7</sub>–6<sub>0,6</sub><br />Calc: 39840.1230 MHz<br /> Obs: 39840.1133 MHz"
36572.888802,13c2,36572.824,0.06,7,0,7,6,1,6,1,0,b,"MTBE-13c2 v<sub>t</sub> = 0<br />E 7<sub>0,7</sub>–6<sub>1,6</sub><br />Calc: 36572.8240 MHz<br /> Obs: 36572.8888 MHz"
36573.013402,13c2,36572.985,0.0559999999999999,7,0,7,6,1,6,2,0,b,"MTBE-13c2 v<sub>t</sub> = 0<br />A 7<sub>0,7</sub>–6<sub>1,6</sub><br />Calc: 36572.9850 MHz<br /> Obs: 36573.0134 MHz"
,13c2,33230.922,0.0104,7,1,7,6,2,5,2,0,c,"MTBE-13c2 v<sub>t</sub> = 0<br />A 7<sub>1,7</sub>–6<sub>2,5</sub><br />Calc: 33230.9220 MHz"
,13c2,33270.740000000005,0.0184,7,1,6,6,2,5,1,0,b,"MTBE-13c2 v<sub>t</sub> = 0<br />E 7<sub>1,6</sub>–6<sub>2,5</sub><br />Calc: 33270.7400 MHz"
,13c2,33277.189,0.008,7,1,6,6,2,5,2,0,b,"MTBE-13c2 v<sub>t</sub> = 0<br />A 7<sub>1,6</sub>–6<sub>2,5</sub><br />Calc: 33277.1890 MHz"
,13c2,33224.477,0.018,7,1,7,6,2,4,1,0,b,"MTBE-13c2 v<sub>t</sub> = 0<br />E 7<sub>1,7</sub>–6<sub>2,4</sub><br />Calc: 33224.4770 MHz"
,13c2,33218.651,0.008,7,1,7,6,2,4,2,0,b,"MTBE-13c2 v<sub>t</sub> = 0<br />A 7<sub>1,7</sub>–6<sub>2,4</sub><br />Calc: 33218.6510 MHz"
33264.909476,13c2,33264.918000000005,0.0104,7,1,6,6,2,4,2,0,c,"MTBE-13c2 v<sub>t</sub> = 0<br />A 7<sub>1,6</sub>–6<sub>2,4</sub><br />Calc: 33264.9180 MHz<br /> Obs: 33264.9095 MHz"
,13c2,29939.481,0.0104,7,2,6,6,3,4,1,0,c,"MTBE-13c2 v<sub>t</sub> = 0<br />E 7<sub>2,6</sub>–6<sub>3,4</sub><br />Calc: 29939.4810 MHz"
,13c2,29943.15,0.0104,7,2,6,6,3,4,2,0,c,"MTBE-13c2 v<sub>t</sub> = 0<br />A 7<sub>2,6</sub>–6<sub>3,4</sub><br />Calc: 29943.1500 MHz"
,13c2,29939.566,0.0104,7,2,5,6,3,3,1,0,c,"MTBE-13c2 v<sub>t</sub> = 0<br />E 7<sub>2,5</sub>–6<sub>3,3</sub><br />Calc: 29939.5660 MHz"
,13c2,29937.039,0.0104,7,2,5,6,3,3,2,0,c,"MTBE-13c2 v<sub>t</sub> = 0<br />A 7<sub>2,5</sub>–6<sub>3,3</sub><br />Calc: 29937.0390 MHz"
,13c2,26634.832,0.0052,7,3,5,6,4,3,2,0,c,"MTBE-13c2 v<sub>t</sub> = 0<br />A 7<sub>3,5</sub>–6<sub>4,3</sub><br />Calc: 26634.8320 MHz"
26628.749294,13c2,26628.759,0.0052,7,3,4,6,4,2,2,0,c,"MTBE-13c2 v<sub>t</sub> = 0<br />A 7<sub>3,4</sub>–6<sub>4,2</sub><br />Calc: 26628.7590 MHz<br /> Obs: 26628.7493 MHz"
,13c2,38682.878,0.0124,8,1,8,7,2,6,2,0,c,"MTBE-13c2 v<sub>t</sub> = 0<br />A 8<sub>1,8</sub>–7<sub>2,6</sub><br />Calc: 38682.8780 MHz"
38735.890104,13c2,38735.828,0.0228,8,1,7,7,2,6,1,0,b,"MTBE-13c2 v<sub>t</sub> = 0<br />E 8<sub>1,7</sub>–7<sub>2,6</sub><br />Calc: 38735.8280 MHz<br /> Obs: 38735.8901 MHz"
,13c2,38742.144,0.0104,8,1,7,7,2,6,2,0,b,"MTBE-13c2 v<sub>t</sub> = 0<br />A 8<sub>1,7</sub>–7<sub>2,6</sub><br />Calc: 38742.1440 MHz"
,13c2,38676.335,0.0224,8,1,8,7,2,5,1,0,b,"MTBE-13c2 v<sub>t</sub> = 0<br />E 8<sub>1,8</sub>–7<sub>2,5</sub><br />Calc: 38676.3350 MHz"
,13c2,38670.618,0.01,8,1,8,7,2,5,2,0,b,"MTBE-13c2 v<sub>t</sub> = 0<br />A 8<sub>1,8</sub>–7<sub>2,5</sub><br />Calc: 38670.6180 MHz"
,13c2,38729.884,0.0124,8,1,7,7,2,5,2,0,c,"MTBE-13c2 v<sub>t</sub> = 0<br />A 8<sub>1,7</sub>–7<sub>2,5</sub><br />Calc: 38729.8840 MHz"
,13c2,35398.095,0.0144,8,2,7,7,3,5,1,0,c,"MTBE-13c2 v<sub>t</sub> = 0<br />E 8<sub>2,7</sub>–7<sub>3,5</sub><br />Calc: 35398.0950 MHz"
,13c2,35401.775,0.0144,8,2,7,7,3,5,2,0,c,"MTBE-13c2 v<sub>t</sub> = 0<br />A 8<sub>2,7</sub>–7<sub>3,5</sub><br />Calc: 35401.7750 MHz"
,13c2,35398.236,0.0144,8,2,6,7,3,4,1,0,c,"MTBE-13c2 v<sub>t</sub> = 0<br />E 8<sub>2,6</sub>–7<sub>3,4</sub><br />Calc: 35398.2360 MHz"
35395.652789,13c2,35395.668999999994,0.0144,8,2,6,7,3,4,2,0,c,"MTBE-13c2 v<sub>t</sub> = 0<br />A 8<sub>2,6</sub>–7<sub>3,4</sub><br />Calc: 35395.6690 MHz<br /> Obs: 35395.6528 MHz"
,13c2,32093.516,0.008,8,3,6,7,4,4,2,0,c,"MTBE-13c2 v<sub>t</sub> = 0<br />A 8<sub>3,6</sub>–7<sub>4,4</sub><br />Calc: 32093.5160 MHz"
,13c2,32089.660000000003,0.008,8,3,5,7,4,4,1,0,b,"MTBE-13c2 v<sub>t</sub> = 0<br />E 8<sub>3,5</sub>–7<sub>4,4</sub><br />Calc: 32089.6600 MHz"
,13c2,32089.660000000003,0.008,8,3,6,7,4,3,1,0,b,"MTBE-13c2 v<sub>t</sub> = 0<br />E 8<sub>3,6</sub>–7<sub>4,3</sub><br />Calc: 32089.6600 MHz"
,13c2,32087.447,0.008,8,3,5,7,4,3,2,0,c,"MTBE-13c2 v<sub>t</sub> = 0<br />A 8<sub>3,5</sub>–7<sub>4,3</sub><br />Calc: 32087.4470 MHz"
,13c2,37552.199,0.0104,9,3,7,8,4,5,2,0,c,"MTBE-13c2 v<sub>t</sub> = 0<br />A 9<sub>3,7</sub>–8<sub>4,5</sub><br />Calc: 37552.1990 MHz"
37548.359072,13c2,37548.359,0.0104,9,3,6,8,4,5,1,0,b,"MTBE-13c2 v<sub>t</sub> = 0<br />E 9<sub>3,6</sub>–8<sub>4,5</sub><br />Calc: 37548.3590 MHz<br /> Obs: 37548.3591 MHz"
37548.359072,13c2,37548.359,0.0104,9,3,7,8,4,4,1,0,b,"MTBE-13c2 v<sub>t</sub> = 0<br />E 9<sub>3,7</sub>–8<sub>4,4</sub><br />Calc: 37548.3590 MHz<br /> Obs: 37548.3591 MHz"
,13c2,37546.133,0.0104,9,3,6,8,4,4,2,0,c,"MTBE-13c2 v<sub>t</sub> = 0<br />A 9<sub>3,6</sub>–8<sub>4,4</sub><br />Calc: 37546.1330 MHz"
,13c2,34243.595,0.0056,9,4,6,8,5,4,2,0,c,"MTBE-13c2 v<sub>t</sub> = 0<br />A 9<sub>4,6</sub>–8<sub>5,4</sub><br />Calc: 34243.5950 MHz"
,13c2,34237.58,0.0056,9,4,5,8,5,3,2,0,c,"MTBE-13c2 v<sub>t</sub> = 0<br />A 9<sub>4,5</sub>–8<sub>5,3</sub><br />Calc: 34237.5800 MHz"
,13c2,39702.352,0.0072,10,4,7,9,5,5,2,0,c,"MTBE-13c2 v<sub>t</sub> = 0<br />A 10<sub>4,7</sub>–9<sub>5,5</sub><br />Calc: 39702.3520 MHz"
,13c2,39696.341,0.0072,10,4,6,9,5,4,2,0,c,"MTBE-13c2 v<sub>t</sub> = 0<br />A 10<sub>4,6</sub>–9<sub>5,4</sub><br />Calc: 39696.3410 MHz"
,13c2,28115.736,0.006,10,9,2,10,8,3,2,0,b,"MTBE-13c2 v<sub>t</sub> = 0<br />A 10<sub>9,2</sub>–10<sub>8,3</sub><br />Calc: 28115.7360 MHz"
,13c2,28120.73,0.006,10,9,1,10,8,3,1,0,c,"MTBE-13c2 v<sub>t</sub> = 0<br />E 10<sub>9,1</sub>–10<sub>8,3</sub><br />Calc: 28120.7300 MHz"
,13c2,28120.73,0.006,10,9,2,10,8,2,1,0,c,"MTBE-13c2 v<sub>t</sub> = 0<br />E 10<sub>9,2</sub>–10<sub>8,2</sub><br />Calc: 28120.7300 MHz"
,13c2,28121.337,0.006,10,9,1,10,8,2,2,0,b,"MTBE-13c2 v<sub>t</sub> = 0<br />A 10<sub>9,1</sub>–10<sub>8,2</sub><br />Calc: 28121.3370 MHz"
,13c2,28114.164,0.0064,11,9,3,11,8,4,2,0,b,"MTBE-13c2 v<sub>t</sub> = 0<br />A 11<sub>9,3</sub>–11<sub>8,4</sub><br />Calc: 28114.1640 MHz"
,13c2,28119.152,0.0064,11,9,2,11,8,4,1,0,c,"MTBE-13c2 v<sub>t</sub> = 0<br />E 11<sub>9,2</sub>–11<sub>8,4</sub><br />Calc: 28119.1520 MHz"
,13c2,28119.152,0.0064,11,9,3,11,8,3,1,0,c,"MTBE-13c2 v<sub>t</sub> = 0<br />E 11<sub>9,3</sub>–11<sub>8,3</sub><br />Calc: 28119.1520 MHz"
,13c2,28119.757,0.0064,11,9,2,11,8,3,2,0,b,"MTBE-13c2 v<sub>t</sub> = 0<br />A 11<sub>9,2</sub>–11<sub>8,3</sub><br />Calc: 28119.7570 MHz"
,13c2,28117.43,0.0056,12,9,4,12,8,5,1,0,b,"MTBE-13c2 v<sub>t</sub> = 0<br />E 12<sub>9,4</sub>–12<sub>8,5</sub><br />Calc: 28117.4300 MHz"
,13c2,28112.45,0.0056,12,9,4,12,8,5,2,0,b,"MTBE-13c2 v<sub>t</sub> = 0<br />A 12<sub>9,4</sub>–12<sub>8,5</sub><br />Calc: 28112.4500 MHz"
,13c2,28117.43,0.0056,12,9,3,12,8,4,1,0,b,"MTBE-13c2 v<sub>t</sub> = 0<br />E 12<sub>9,3</sub>–12<sub>8,4</sub><br />Calc: 28117.4300 MHz"
,13c2,28118.034000000003,0.0056,12,9,3,12,8,4,2,0,b,"MTBE-13c2 v<sub>t</sub> = 0<br />A 12<sub>9,3</sub>–12<sub>8,4</sub><br />Calc: 28118.0340 MHz"
,13c3,26529.722,0.0116,4,2,3,3,1,3,2,0,c,"MTBE-13c3 v<sub>t</sub> = 0<br />A 4<sub>2,3</sub>–3<sub>1,3</sub><br />Calc: 26529.7220 MHz"
26537.198522,13c3,26537.205,0.0248,4,2,2,3,1,3,1,0,b,"MTBE-13c3 v<sub>t</sub> = 0<br />E 4<sub>2,2</sub>–3<sub>1,3</sub><br />Calc: 26537.2050 MHz<br /> Obs: 26537.1985 MHz"
,13c3,26542.149,0.0136,4,2,2,3,1,3,2,0,b,"MTBE-13c3 v<sub>t</sub> = 0<br />A 4<sub>2,2</sub>–3<sub>1,3</sub><br />Calc: 26542.1490 MHz"
29791.381654,13c3,29791.389,0.0384,4,3,2,3,2,2,2,0,c,"MTBE-13c3 v<sub>t</sub> = 0<br />A 4<sub>3,2</sub>–3<sub>2,2</sub><br />Calc: 29791.3890 MHz<br /> Obs: 29791.3817 MHz"
29795.452705,13c3,29795.449,0.0384,4,3,1,3,2,2,1,0,b,"MTBE-13c3 v<sub>t</sub> = 0<br />E 4<sub>3,1</sub>–3<sub>2,2</sub><br />Calc: 29795.4490 MHz<br /> Obs: 29795.4527 MHz"
29794.854928,13c3,29794.858,0.0384,4,3,2,3,2,1,1,0,b,"MTBE-13c3 v<sub>t</sub> = 0<br />E 4<sub>3,2</sub>–3<sub>2,1</sub><br />Calc: 29794.8580 MHz<br /> Obs: 29794.8549 MHz"
29797.479523,13c3,29797.484,0.0384,4,3,1,3,2,1,2,0,c,"MTBE-13c3 v<sub>t</sub> = 0<br />A 4<sub>3,1</sub>–3<sub>2,1</sub><br />Calc: 29797.4840 MHz<br /> Obs: 29797.4795 MHz"
33099.383168,13c3,33099.391,0.052,4,4,1,3,3,1,2,0,c,"MTBE-13c3 v<sub>t</sub> = 0<br />A 4<sub>4,1</sub>–3<sub>3,1</sub><br />Calc: 33099.3910 MHz<br /> Obs: 33099.3832 MHz"
33103.385394,13c3,33103.405,0.052,4,4,0,3,3,1,1,0,b,"MTBE-13c3 v<sub>t</sub> = 0<br />E 4<sub>4,0</sub>–3<sub>3,1</sub><br />Calc: 33103.4050 MHz<br /> Obs: 33103.3854 MHz"
33103.385394,13c3,33103.405,0.052,4,4,1,3,3,0,1,0,b,"MTBE-13c3 v<sub>t</sub> = 0<br />E 4<sub>4,1</sub>–3<sub>3,0</sub><br />Calc: 33103.4050 MHz<br /> Obs: 33103.3854 MHz"
33105.445736,13c3,33105.452999999994,0.052,4,4,0,3,3,0,2,0,c,"MTBE-13c3 v<sub>t</sub> = 0<br />A 4<sub>4,0</sub>–3<sub>3,0</sub><br />Calc: 33105.4530 MHz<br /> Obs: 33105.4457 MHz"
28440.083225,13c3,28440.078,0.048,5,1,5,4,0,4,1,0,b,"MTBE-13c3 v<sub>t</sub> = 0<br />E 5<sub>1,5</sub>–4<sub>0,4</sub><br />Calc: 28440.0780 MHz<br /> Obs: 28440.0832 MHz"
28439.956543,13c3,28439.936,0.048,5,1,5,4,0,4,2,0,b,"MTBE-13c3 v<sub>t</sub> = 0<br />A 5<sub>1,5</sub>–4<sub>0,4</sub><br />Calc: 28439.9360 MHz<br /> Obs: 28439.9565 MHz"
,13c3,31943.865,0.0128,5,2,4,4,1,4,2,0,c,"MTBE-13c3 v<sub>t</sub> = 0<br />A 5<sub>2,4</sub>–4<sub>1,4</sub><br />Calc: 31943.8650 MHz"
31952.859202,13c3,31952.865,0.036,5,2,3,4,1,4,1,0,b,"MTBE-13c3 v<sub>t</sub> = 0<br />E 5<sub>2,3</sub>–4<sub>1,4</sub><br />Calc: 31952.8650 MHz<br /> Obs: 31952.8592 MHz"
31956.824202,13c3,31956.826,0.0232,5,2,3,4,1,4,2,0,b,"MTBE-13c3 v<sub>t</sub> = 0<br />A 5<sub>2,3</sub>–4<sub>1,4</sub><br />Calc: 31956.8260 MHz<br /> Obs: 31956.8242 MHz"
31787.367892,13c3,31787.377,0.0376,5,2,4,4,1,3,1,0,b,"MTBE-13c3 v<sub>t</sub> = 0<br />E 5<sub>2,4</sub>–4<sub>1,3</sub><br />Calc: 31787.3770 MHz<br /> Obs: 31787.3679 MHz"
31782.470717,13c3,31782.486,0.024,5,2,4,4,1,3,2,0,b,"MTBE-13c3 v<sub>t</sub> = 0<br />A 5<sub>2,4</sub>–4<sub>1,3</sub><br />Calc: 31782.4860 MHz<br /> Obs: 31782.4707 MHz"
,13c3,31795.446,0.0136,5,2,3,4,1,3,2,0,c,"MTBE-13c3 v<sub>t</sub> = 0<br />A 5<sub>2,3</sub>–4<sub>1,3</sub><br />Calc: 31795.4460 MHz"
35172.316892,13c3,35172.291000000005,0.052,5,3,3,4,2,3,2,0,c,"MTBE-13c3 v<sub>t</sub> = 0<br />A 5<sub>3,3</sub>–4<sub>2,3</sub><br />Calc: 35172.2910 MHz<br /> Obs: 35172.3169 MHz"
35176.907978,13c3,35176.898,0.052,5,3,2,4,2,3,1,0,b,"MTBE-13c3 v<sub>t</sub> = 0<br />E 5<sub>3,2</sub>–4<sub>2,3</sub><br />Calc: 35176.8980 MHz<br /> Obs: 35176.9080 MHz"
35175.125585,13c3,35175.121,0.052,5,3,3,4,2,2,1,0,b,"MTBE-13c3 v<sub>t</sub> = 0<br />E 5<sub>3,3</sub>–4<sub>2,2</sub><br />Calc: 35175.1210 MHz<br /> Obs: 35175.1256 MHz"
35178.295046,13c3,35178.271,0.052,5,3,2,4,2,2,2,0,c,"MTBE-13c3 v<sub>t</sub> = 0<br />A 5<sub>3,2</sub>–4<sub>2,2</sub><br />Calc: 35178.2710 MHz<br /> Obs: 35178.2950 MHz"
38480.252897,13c3,38480.231,0.068,5,4,2,4,3,2,2,0,c,"MTBE-13c3 v<sub>t</sub> = 0<br />A 5<sub>4,2</sub>–4<sub>3,2</sub><br />Calc: 38480.2310 MHz<br /> Obs: 38480.2529 MHz"
38484.269803,13c3,38484.255,0.068,5,4,1,4,3,2,1,0,b,"MTBE-13c3 v<sub>t</sub> = 0<br />E 5<sub>4,1</sub>–4<sub>3,2</sub><br />Calc: 38484.2550 MHz<br /> Obs: 38484.2698 MHz"
38484.269803,13c3,38484.251,0.068,5,4,2,4,3,1,1,0,b,"MTBE-13c3 v<sub>t</sub> = 0<br />E 5<sub>4,2</sub>–4<sub>3,1</sub><br />Calc: 38484.2510 MHz<br /> Obs: 38484.2698 MHz"
38486.316295,13c3,38486.287,0.068,5,4,1,4,3,1,2,0,c,"MTBE-13c3 v<sub>t</sub> = 0<br />A 5<sub>4,1</sub>–4<sub>3,1</sub><br />Calc: 38486.2870 MHz<br /> Obs: 38486.3163 MHz"
33774.160751,13c3,33774.201,0.068,6,1,6,5,0,5,1,0,b,"MTBE-13c3 v<sub>t</sub> = 0<br />E 6<sub>1,6</sub>–5<sub>0,5</sub><br />Calc: 33774.2010 MHz<br /> Obs: 33774.1608 MHz"
33774.160751,13c3,33774.094,0.068,6,1,6,5,0,5,2,0,b,"MTBE-13c3 v<sub>t</sub> = 0<br />A 6<sub>1,6</sub>–5<sub>0,5</sub><br />Calc: 33774.0940 MHz<br /> Obs: 33774.1608 MHz"
30746.951317,13c3,30746.97,0.048,6,0,6,5,1,5,1,0,b,"MTBE-13c3 v<sub>t</sub> = 0<br />E 6<sub>0,6</sub>–5<sub>1,5</sub><br />Calc: 30746.9700 MHz<br /> Obs: 30746.9513 MHz"
30746.951317,13c3,30746.986,0.048,6,0,6,5,1,5,2,0,b,"MTBE-13c3 v<sub>t</sub> = 0<br />A 6<sub>0,6</sub>–5<sub>1,5</sub><br />Calc: 30746.9860 MHz<br /> Obs: 30746.9513 MHz"
37366.280407,13c3,37366.278,0.0108,6,2,5,5,1,5,2,0,c,"MTBE-13c3 v<sub>t</sub> = 0<br />A 6<sub>2,5</sub>–5<sub>1,5</sub><br />Calc: 37366.2780 MHz<br /> Obs: 37366.2804 MHz"
37378.331208,13c3,37378.299,0.044,6,2,4,5,1,5,1,0,b,"MTBE-13c3 v<sub>t</sub> = 0<br />E 6<sub>2,4</sub>–5<sub>1,5</sub><br />Calc: 37378.2990 MHz<br /> Obs: 37378.3312 MHz"
37381.071591,13c3,37381.048,0.0352,6,2,4,5,1,5,2,0,b,"MTBE-13c3 v<sub>t</sub> = 0<br />A 6<sub>2,4</sub>–5<sub>1,5</sub><br />Calc: 37381.0480 MHz<br /> Obs: 37381.0716 MHz"
37128.045058,13c3,37128.030000000006,0.048,6,2,5,5,1,4,1,0,b,"MTBE-13c3 v<sub>t</sub> = 0<br />E 6<sub>2,5</sub>–5<sub>1,4</sub><br />Calc: 37128.0300 MHz<br /> Obs: 37128.0451 MHz"
37124.327533,13c3,37124.32,0.0376,6,2,5,5,1,4,2,0,b,"MTBE-13c3 v<sub>t</sub> = 0<br />A 6<sub>2,5</sub>–5<sub>1,4</sub><br />Calc: 37124.3200 MHz<br /> Obs: 37124.3275 MHz"
,13c3,37139.09,0.0112,6,2,4,5,1,4,2,0,c,"MTBE-13c3 v<sub>t</sub> = 0<br />A 6<sub>2,4</sub>–5<sub>1,4</sub><br />Calc: 37139.0900 MHz"
27493.326075,13c3,27493.336,0.0136,6,1,5,5,2,4,1,0,b,"MTBE-13c3 v<sub>t</sub> = 0<br />E 6<sub>1,5</sub>–5<sub>2,4</sub><br />Calc: 27493.3360 MHz<br /> Obs: 27493.3261 MHz"
,13c3,27498.006,0.0088,6,1,5,5,2,4,2,0,b,"MTBE-13c3 v<sub>t</sub> = 0<br />A 6<sub>1,5</sub>–5<sub>2,4</sub><br />Calc: 27498.0060 MHz"
,13c3,27150.381,0.012,6,1,6,5,2,3,1,0,b,"MTBE-13c3 v<sub>t</sub> = 0<br />E 6<sub>1,6</sub>–5<sub>2,3</sub><br />Calc: 27150.3810 MHz"
,13c3,27146.387,0.0076,6,1,6,5,2,3,2,0,b,"MTBE-13c3 v<sub>t</sub> = 0<br />A 6<sub>1,6</sub>–5<sub>2,3</sub><br />Calc: 27146.3870 MHz"
39101.422479,13c3,39101.383,0.088,7,1,7,6,0,6,1,0,b,"MTBE-13c3 v<sub>t</sub> = 0<br />E 7<sub>1,7</sub>–6<sub>0,6</sub><br />Calc: 39101.3830 MHz<br /> Obs: 39101.4225 MHz"
39101.249909,13c3,39101.311,0.088,7,1,7,6,0,6,2,0,b,"MTBE-13c3 v<sub>t</sub> = 0<br />A 7<sub>1,7</sub>–6<sub>0,6</sub><br />Calc: 39101.3110 MHz<br /> Obs: 39101.2499 MHz"
36170.846318,13c3,36170.878,0.064,7,0,7,6,1,6,1,0,b,"MTBE-13c3 v<sub>t</sub> = 0<br />E 7<sub>0,7</sub>–6<sub>1,6</sub><br />Calc: 36170.8780 MHz<br /> Obs: 36170.8463 MHz"
36170.846318,13c3,36170.841,0.064,7,0,7,6,1,6,2,0,b,"MTBE-13c3 v<sub>t</sub> = 0<br />A 7<sub>0,7</sub>–6<sub>1,6</sub><br />Calc: 36170.8410 MHz<br /> Obs: 36170.8463 MHz"
32929.975446,13c3,32930.003,0.0196,7,1,6,6,2,5,1,0,b,"MTBE-13c3 v<sub>t</sub> = 0<br />E 7<sub>1,6</sub>–6<sub>2,5</sub><br />Calc: 32930.0030 MHz<br /> Obs: 32929.9754 MHz"
32933.467243,13c3,32933.471,0.0148,7,1,6,6,2,5,2,0,b,"MTBE-13c3 v<sub>t</sub> = 0<br />A 7<sub>1,6</sub>–6<sub>2,5</sub><br />Calc: 32933.4710 MHz<br /> Obs: 32933.4672 MHz"
,13c3,32470.055,0.0168,7,1,7,6,2,4,1,0,b,"MTBE-13c3 v<sub>t</sub> = 0<br />E 7<sub>1,7</sub>–6<sub>2,4</sub><br />Calc: 32470.0550 MHz"
,13c3,32467.249000000003,0.0128,7,1,7,6,2,4,2,0,b,"MTBE-13c3 v<sub>t</sub> = 0<br />A 7<sub>1,7</sub>–6<sub>2,4</sub><br />Calc: 32467.2490 MHz"
,13c3,29402.842,0.0084,7,2,6,6,3,4,2,0,c,"MTBE-13c3 v<sub>t</sub> = 0<br />A 7<sub>2,6</sub>–6<sub>3,4</sub><br />Calc: 29402.8420 MHz"
,13c3,29410.07,0.0104,7,2,5,6,3,4,1,0,b,"MTBE-13c3 v<sub>t</sub> = 0<br />E 7<sub>2,5</sub>–6<sub>3,4</sub><br />Calc: 29410.0700 MHz"
,13c3,29395.247000000003,0.0104,7,2,6,6,3,3,1,0,b,"MTBE-13c3 v<sub>t</sub> = 0<br />E 7<sub>2,6</sub>–6<sub>3,3</sub><br />Calc: 29395.2470 MHz"
,13c3,29403.638,0.0084,7,2,5,6,3,3,2,0,c,"MTBE-13c3 v<sub>t</sub> = 0<br />A 7<sub>2,5</sub>–6<sub>3,3</sub><br />Calc: 29403.6380 MHz"
38374.214359,13c3,38374.242000000006,0.0243999999999999,8,1,7,7,2,6,1,0,b,"MTBE-13c3 v<sub>t</sub> = 0<br />E 8<sub>1,7</sub>–7<sub>2,6</sub><br />Calc: 38374.2420 MHz<br /> Obs: 38374.2144 MHz"
38376.567162,13c3,38376.583,0.0216,8,1,7,7,2,6,2,0,b,"MTBE-13c3 v<sub>t</sub> = 0<br />A 8<sub>1,7</sub>–7<sub>2,6</sub><br />Calc: 38376.5830 MHz<br /> Obs: 38376.5672 MHz"
37778.745218,13c3,37778.781,0.02,8,1,8,7,2,5,1,0,b,"MTBE-13c3 v<sub>t</sub> = 0<br />E 8<sub>1,8</sub>–7<sub>2,5</sub><br />Calc: 37778.7810 MHz<br /> Obs: 37778.7452 MHz"
37777.044964,13c3,37777.092,0.0176,8,1,8,7,2,5,2,0,b,"MTBE-13c3 v<sub>t</sub> = 0<br />A 8<sub>1,8</sub>–7<sub>2,5</sub><br />Calc: 37777.0920 MHz<br /> Obs: 37777.0450 MHz"
34782.447555,13c3,34782.513,0.0104,8,2,7,7,3,5,2,0,c,"MTBE-13c3 v<sub>t</sub> = 0<br />A 8<sub>2,7</sub>–7<sub>3,5</sub><br />Calc: 34782.5130 MHz<br /> Obs: 34782.4476 MHz"
,13c3,34798.837,0.0144,8,2,6,7,3,5,1,0,b,"MTBE-13c3 v<sub>t</sub> = 0<br />E 8<sub>2,6</sub>–7<sub>3,5</sub><br />Calc: 34798.8370 MHz"
34774.056601,13c3,34774.128,0.0139999999999999,8,2,7,7,3,4,1,0,b,"MTBE-13c3 v<sub>t</sub> = 0<br />E 8<sub>2,7</sub>–7<sub>3,4</sub><br />Calc: 34774.1280 MHz<br /> Obs: 34774.0566 MHz"
,13c3,34791.583000000006,0.0104,8,2,6,7,3,4,2,0,c,"MTBE-13c3 v<sub>t</sub> = 0<br />A 8<sub>2,6</sub>–7<sub>3,4</sub><br />Calc: 34791.5830 MHz"
,13c3,31477.566,0.008,8,3,6,7,4,4,2,0,c,"MTBE-13c3 v<sub>t</sub> = 0<br />A 8<sub>3,6</sub>–7<sub>4,4</sub><br />Calc: 31477.5660 MHz"
,13c3,31473.813,0.008,8,3,5,7,4,4,1,0,b,"MTBE-13c3 v<sub>t</sub> = 0<br />E 8<sub>3,5</sub>–7<sub>4,4</sub><br />Calc: 31473.8130 MHz"
,13c3,31473.568,0.008,8,3,6,7,4,3,1,0,b,"MTBE-13c3 v<sub>t</sub> = 0<br />E 8<sub>3,6</sub>–7<sub>4,3</sub><br />Calc: 31473.5680 MHz"
,13c3,31471.489,0.008,8,3,5,7,4,3,2,0,c,"MTBE-13c3 v<sub>t</sub> = 0<br />A 8<sub>3,5</sub>–7<sub>4,3</sub><br />Calc: 31471.4890 MHz"
36860.095097,13c3,36860.078,0.0104,9,3,7,8,4,5,2,0,c,"MTBE-13c3 v<sub>t</sub> = 0<br />A 9<sub>3,7</sub>–8<sub>4,5</sub><br />Calc: 36860.0780 MHz<br /> Obs: 36860.0951 MHz"
36856.495473,13c3,36856.465,0.0104,9,3,6,8,4,5,1,0,b,"MTBE-13c3 v<sub>t</sub> = 0<br />E 9<sub>3,6</sub>–8<sub>4,5</sub><br />Calc: 36856.4650 MHz<br /> Obs: 36856.4955 MHz"
36855.956656,13c3,36855.975,0.0104,9,3,7,8,4,4,1,0,b,"MTBE-13c3 v<sub>t</sub> = 0<br />E 9<sub>3,7</sub>–8<sub>4,4</sub><br />Calc: 36855.9750 MHz<br /> Obs: 36855.9567 MHz"
36853.974886,13c3,36854.008,0.0104,9,3,6,8,4,4,2,0,c,"MTBE-13c3 v<sub>t</sub> = 0<br />A 9<sub>3,6</sub>–8<sub>4,4</sub><br />Calc: 36854.0080 MHz<br /> Obs: 36853.9749 MHz"
,13c3,33549.846000000005,0.0056,9,4,6,8,5,4,2,0,c,"MTBE-13c3 v<sub>t</sub> = 0<br />A 9<sub>4,6</sub>–8<sub>5,4</sub><br />Calc: 33549.8460 MHz"
,13c3,33545.747,0.0056,9,4,5,8,5,4,1,0,b,"MTBE-13c3 v<sub>t</sub> = 0<br />E 9<sub>4,5</sub>–8<sub>5,4</sub><br />Calc: 33545.7470 MHz"
,13c3,33545.744999999995,0.0056,9,4,6,8,5,3,1,0,b,"MTBE-13c3 v<sub>t</sub> = 0<br />E 9<sub>4,6</sub>–8<sub>5,3</sub><br />Calc: 33545.7450 MHz"
,13c3,33543.825,0.0056,9,4,5,8,5,3,2,0,c,"MTBE-13c3 v<sub>t</sub> = 0<br />A 9<sub>4,5</sub>–8<sub>5,3</sub><br />Calc: 33543.8250 MHz"
,13c3,38932.031,0.0072,10,4,7,9,5,5,2,0,c,"MTBE-13c3 v<sub>t</sub> = 0<br />A 10<sub>4,7</sub>–9<sub>5,5</sub><br />Calc: 38932.0310 MHz"
,13c3,38927.95,0.0072,10,4,6,9,5,5,1,0,b,"MTBE-13c3 v<sub>t</sub> = 0<br />E 10<sub>4,6</sub>–9<sub>5,5</sub><br />Calc: 38927.9500 MHz"
,13c3,38927.944,0.0072,10,4,7,9,5,4,1,0,b,"MTBE-13c3 v<sub>t</sub> = 0<br />E 10<sub>4,7</sub>–9<sub>5,4</sub><br />Calc: 38927.9440 MHz"
,13c3,38926.013,0.0072,10,4,6,9,5,4,2,0,c,"MTBE-13c3 v<sub>t</sub> = 0<br />A 10<sub>4,6</sub>–9<sub>5,4</sub><br />Calc: 38926.0130 MHz"
,13c3,28115.196,0.0064,10,9,2,10,8,3,2,0,b,"MTBE-13c3 v<sub>t</sub> = 0<br />A 10<sub>9,2</sub>–10<sub>8,3</sub><br />Calc: 28115.1960 MHz"
,13c3,28120.207,0.0064,10,9,1,10,8,3,1,0,c,"MTBE-13c3 v<sub>t</sub> = 0<br />E 10<sub>9,1</sub>–10<sub>8,3</sub><br />Calc: 28120.2070 MHz"
,13c3,28120.207,0.0064,10,9,2,10,8,2,1,0,c,"MTBE-13c3 v<sub>t</sub> = 0<br />E 10<sub>9,2</sub>–10<sub>8,2</sub><br />Calc: 28120.2070 MHz"
,13c3,28120.797,0.0064,10,9,1,10,8,2,2,0,b,"MTBE-13c3 v<sub>t</sub> = 0<br />A 10<sub>9,1</sub>–10<sub>8,2</sub><br />Calc: 28120.7970 MHz"
,13c3,28118.541,0.0068,11,9,3,11,8,4,1,0,b,"MTBE-13c3 v<sub>t</sub> = 0<br />E 11<sub>9,3</sub>–11<sub>8,4</sub><br />Calc: 28118.5410 MHz"
,13c3,28113.536,0.0068,11,9,3,11,8,4,2,0,b,"MTBE-13c3 v<sub>t</sub> = 0<br />A 11<sub>9,3</sub>–11<sub>8,4</sub><br />Calc: 28113.5360 MHz"
,13c3,28118.541,0.0068,11,9,2,11,8,3,1,0,b,"MTBE-13c3 v<sub>t</sub> = 0<br />E 11<sub>9,2</sub>–11<sub>8,3</sub><br />Calc: 28118.5410 MHz"
,13c3,28119.13,0.0068,11,9,2,11,8,3,2,0,b,"MTBE-13c3 v<sub>t</sub> = 0<br />A 11<sub>9,2</sub>–11<sub>8,3</sub><br />Calc: 28119.1300 MHz"
,13c3,28116.706,0.006,12,9,4,12,8,5,1,0,b,"MTBE-13c3 v<sub>t</sub> = 0<br />E 12<sub>9,4</sub>–12<sub>8,5</sub><br />Calc: 28116.7060 MHz"
,13c3,28111.708,0.006,12,9,4,12,8,5,2,0,b,"MTBE-13c3 v<sub>t</sub> = 0<br />A 12<sub>9,4</sub>–12<sub>8,5</sub><br />Calc: 28111.7080 MHz"
,13c3,28116.706,0.006,12,9,3,12,8,4,1,0,b,"MTBE-13c3 v<sub>t</sub> = 0<br />E 12<sub>9,3</sub>–12<sub>8,4</sub><br />Calc: 28116.7060 MHz"
,13c3,28117.294,0.006,12,9,3,12,8,4,2,0,b,"MTBE-13c3 v<sub>t</sub> = 0<br />A 12<sub>9,3</sub>–12<sub>8,4</sub><br />Calc: 28117.2940 MHz"
26539.724103,13c4,26539.769,0.0312,4,2,3,3,1,3,1,0,c,"MTBE-13c4 v<sub>t</sub> = 0<br />E 4<sub>2,3</sub>–3<sub>1,3</sub><br />Calc: 26539.7690 MHz<br /> Obs: 26539.7241 MHz"
26536.231337,13c4,26536.226,0.0288,4,2,3,3,1,3,2,0,c,"MTBE-13c4 v<sub>t</sub> = 0<br />A 4<sub>2,3</sub>–3<sub>1,3</sub><br />Calc: 26536.2260 MHz<br /> Obs: 26536.2313 MHz"
26547.829558,13c4,26547.848,0.0192,4,2,2,3,1,3,1,0,b,"MTBE-13c4 v<sub>t</sub> = 0<br />E 4<sub>2,2</sub>–3<sub>1,3</sub><br />Calc: 26547.8480 MHz<br /> Obs: 26547.8296 MHz"
26550.702178,13c4,26550.634,0.0208,4,2,2,3,1,3,2,0,b,"MTBE-13c4 v<sub>t</sub> = 0<br />A 4<sub>2,2</sub>–3<sub>1,3</sub><br />Calc: 26550.6340 MHz<br /> Obs: 26550.7022 MHz"
29609.344535,13c4,29609.351,0.0472,4,3,2,3,2,2,1,0,c,"MTBE-13c4 v<sub>t</sub> = 0<br />E 4<sub>3,2</sub>–3<sub>2,2</sub><br />Calc: 29609.3510 MHz<br /> Obs: 29609.3445 MHz"
29604.511333,13c4,29604.527,0.076,4,3,2,3,2,2,2,0,c,"MTBE-13c4 v<sub>t</sub> = 0<br />A 4<sub>3,2</sub>–3<sub>2,2</sub><br />Calc: 29604.5270 MHz<br /> Obs: 29604.5113 MHz"
29609.344535,13c4,29609.389,0.0296,4,3,1,3,2,2,1,0,b,"MTBE-13c4 v<sub>t</sub> = 0<br />E 4<sub>3,1</sub>–3<sub>2,2</sub><br />Calc: 29609.3890 MHz<br /> Obs: 29609.3445 MHz"
29606.670306,13c4,29606.656000000003,0.0296,4,3,2,3,2,1,1,0,b,"MTBE-13c4 v<sub>t</sub> = 0<br />E 4<sub>3,2</sub>–3<sub>2,1</sub><br />Calc: 29606.6560 MHz<br /> Obs: 29606.6703 MHz"
29606.670306,13c4,29606.693,0.0472,4,3,1,3,2,1,1,0,c,"MTBE-13c4 v<sub>t</sub> = 0<br />E 4<sub>3,1</sub>–3<sub>2,1</sub><br />Calc: 29606.6930 MHz<br /> Obs: 29606.6703 MHz"
29610.152767,13c4,29610.156,0.076,4,3,1,3,2,1,2,0,c,"MTBE-13c4 v<sub>t</sub> = 0<br />A 4<sub>3,1</sub>–3<sub>2,1</sub><br />Calc: 29610.1560 MHz<br /> Obs: 29610.1528 MHz"
32777.61506,13c4,32777.616,0.0648,4,4,1,3,3,1,1,0,c,"MTBE-13c4 v<sub>t</sub> = 0<br />E 4<sub>4,1</sub>–3<sub>3,1</sub><br />Calc: 32777.6160 MHz<br /> Obs: 32777.6151 MHz"
32773.753441,13c4,32773.742,0.104,4,4,1,3,3,1,2,0,c,"MTBE-13c4 v<sub>t</sub> = 0<br />A 4<sub>4,1</sub>–3<sub>3,1</sub><br />Calc: 32773.7420 MHz<br /> Obs: 32773.7534 MHz"
32777.61506,13c4,32777.616,0.0416,4,4,0,3,3,1,1,0,b,"MTBE-13c4 v<sub>t</sub> = 0<br />E 4<sub>4,0</sub>–3<sub>3,1</sub><br />Calc: 32777.6160 MHz<br /> Obs: 32777.6151 MHz"
32777.61506,13c4,32777.611,0.0416,4,4,1,3,3,0,1,0,b,"MTBE-13c4 v<sub>t</sub> = 0<br />E 4<sub>4,1</sub>–3<sub>3,0</sub><br />Calc: 32777.6110 MHz<br /> Obs: 32777.6151 MHz"
32777.61506,13c4,32777.611,0.0648,4,4,0,3,3,0,1,0,c,"MTBE-13c4 v<sub>t</sub> = 0<br />E 4<sub>4,0</sub>–3<sub>3,0</sub><br />Calc: 32777.6110 MHz<br /> Obs: 32777.6151 MHz"
32779.6144,13c4,32779.627,0.104,4,4,0,3,3,0,2,0,c,"MTBE-13c4 v<sub>t</sub> = 0<br />A 4<sub>4,0</sub>–3<sub>3,0</sub><br />Calc: 32779.6270 MHz<br /> Obs: 32779.6144 MHz"
28441.258462,13c4,28441.271,0.04,5,1,5,4,0,4,1,0,b,"MTBE-13c4 v<sub>t</sub> = 0<br />E 5<sub>1,5</sub>–4<sub>0,4</sub><br />Calc: 28441.2710 MHz<br /> Obs: 28441.2585 MHz"
28441.032295,13c4,28441.052,0.0392,5,1,5,4,0,4,2,0,b,"MTBE-13c4 v<sub>t</sub> = 0<br />A 5<sub>1,5</sub>–4<sub>0,4</sub><br />Calc: 28441.0520 MHz<br /> Obs: 28441.0323 MHz"
28947.71962,13c4,28947.724,0.0592,5,1,4,4,0,4,1,0,c,"MTBE-13c4 v<sub>t</sub> = 0<br />E 5<sub>1,4</sub>–4<sub>0,4</sub><br />Calc: 28947.7240 MHz<br /> Obs: 28947.7196 MHz"
28947.580112,13c4,28947.577,0.0584,5,1,4,4,0,4,2,0,c,"MTBE-13c4 v<sub>t</sub> = 0<br />A 5<sub>1,4</sub>–4<sub>0,4</sub><br />Calc: 28947.5770 MHz<br /> Obs: 28947.5801 MHz"
32028.091929,13c4,32028.116,0.0456,5,2,4,4,1,4,1,0,c,"MTBE-13c4 v<sub>t</sub> = 0<br />E 5<sub>2,4</sub>–4<sub>1,4</sub><br />Calc: 32028.1160 MHz<br /> Obs: 32028.0919 MHz"
32025.962693,13c4,32025.985,0.0448,5,2,4,4,1,4,2,0,c,"MTBE-13c4 v<sub>t</sub> = 0<br />A 5<sub>2,4</sub>–4<sub>1,4</sub><br />Calc: 32025.9850 MHz<br /> Obs: 32025.9627 MHz"
32046.95386,13c4,32046.939,0.0264,5,2,3,4,1,4,1,0,b,"MTBE-13c4 v<sub>t</sub> = 0<br />E 5<sub>2,3</sub>–4<sub>1,4</sub><br />Calc: 32046.9390 MHz<br /> Obs: 32046.9539 MHz"
32048.268783,13c4,32048.263,0.0279999999999999,5,2,3,4,1,4,2,0,b,"MTBE-13c4 v<sub>t</sub> = 0<br />A 5<sub>2,3</sub>–4<sub>1,4</sub><br />Calc: 32048.2630 MHz<br /> Obs: 32048.2688 MHz"
31690.391137,13c4,31690.417,0.0296,5,2,4,4,1,3,1,0,b,"MTBE-13c4 v<sub>t</sub> = 0<br />E 5<sub>2,4</sub>–4<sub>1,3</sub><br />Calc: 31690.4170 MHz<br /> Obs: 31690.3911 MHz"
31688.179272,13c4,31688.206,0.0304,5,2,4,4,1,3,2,0,b,"MTBE-13c4 v<sub>t</sub> = 0<br />A 5<sub>2,4</sub>–4<sub>1,3</sub><br />Calc: 31688.2060 MHz<br /> Obs: 31688.1793 MHz"
31709.24336,13c4,31709.239,0.0504,5,2,3,4,1,3,1,0,c,"MTBE-13c4 v<sub>t</sub> = 0<br />E 5<sub>2,3</sub>–4<sub>1,3</sub><br />Calc: 31709.2390 MHz<br /> Obs: 31709.2434 MHz"
31710.478436,13c4,31710.485,0.0487999999999999,5,2,3,4,1,3,2,0,c,"MTBE-13c4 v<sub>t</sub> = 0<br />A 5<sub>2,3</sub>–4<sub>1,3</sub><br />Calc: 31710.4850 MHz<br /> Obs: 31710.4784 MHz"
35032.368317,13c4,35032.389,0.0656,5,3,3,4,2,3,1,0,c,"MTBE-13c4 v<sub>t</sub> = 0<br />E 5<sub>3,3</sub>–4<sub>2,3</sub><br />Calc: 35032.3890 MHz<br /> Obs: 35032.3683 MHz"
35026.006446,13c4,35026.007,0.096,5,3,3,4,2,3,2,0,c,"MTBE-13c4 v<sub>t</sub> = 0<br />A 5<sub>3,3</sub>–4<sub>2,3</sub><br />Calc: 35026.0070 MHz<br /> Obs: 35026.0064 MHz"
35032.482888,13c4,35032.54,0.0407999999999999,5,3,2,4,2,3,1,0,b,"MTBE-13c4 v<sub>t</sub> = 0<br />E 5<sub>3,2</sub>–4<sub>2,3</sub><br />Calc: 35032.5400 MHz<br /> Obs: 35032.4829 MHz"
,13c4,35043.861999999994,0.0088,5,3,2,4,2,3,2,0,b,"MTBE-13c4 v<sub>t</sub> = 0<br />A 5<sub>3,2</sub>–4<sub>2,3</sub><br />Calc: 35043.8620 MHz"
35024.368614,13c4,35024.31,0.0407999999999999,5,3,3,4,2,2,1,0,b,"MTBE-13c4 v<sub>t</sub> = 0<br />E 5<sub>3,3</sub>–4<sub>2,2</sub><br />Calc: 35024.3100 MHz<br /> Obs: 35024.3686 MHz"
,13c4,35011.598999999995,0.0088,5,3,3,4,2,2,2,0,b,"MTBE-13c4 v<sub>t</sub> = 0<br />A 5<sub>3,3</sub>–4<sub>2,2</sub><br />Calc: 35011.5990 MHz"
35024.48709,13c4,35024.46,0.0656,5,3,2,4,2,2,1,0,c,"MTBE-13c4 v<sub>t</sub> = 0<br />E 5<sub>3,2</sub>–4<sub>2,2</sub><br />Calc: 35024.4600 MHz<br /> Obs: 35024.4871 MHz"
35029.447704,13c4,35029.455,0.096,5,3,2,4,2,2,2,0,c,"MTBE-13c4 v<sub>t</sub> = 0<br />A 5<sub>3,2</sub>–4<sub>2,2</sub><br />Calc: 35029.4550 MHz<br /> Obs: 35029.4477 MHz"
38198.430828,13c4,38198.447,0.088,5,4,2,4,3,2,1,0,c,"MTBE-13c4 v<sub>t</sub> = 0<br />E 5<sub>4,2</sub>–4<sub>3,2</sub><br />Calc: 38198.4470 MHz<br /> Obs: 38198.4308 MHz"
38194.551375,13c4,38194.547,0.136,5,4,2,4,3,2,2,0,c,"MTBE-13c4 v<sub>t</sub> = 0<br />A 5<sub>4,2</sub>–4<sub>3,2</sub><br />Calc: 38194.5470 MHz<br /> Obs: 38194.5514 MHz"
38198.430828,13c4,38198.447,0.0544,5,4,1,4,3,2,1,0,b,"MTBE-13c4 v<sub>t</sub> = 0<br />E 5<sub>4,1</sub>–4<sub>3,2</sub><br />Calc: 38198.4470 MHz<br /> Obs: 38198.4308 MHz"
38198.430828,13c4,38198.409,0.0544,5,4,2,4,3,1,1,0,b,"MTBE-13c4 v<sub>t</sub> = 0<br />E 5<sub>4,2</sub>–4<sub>3,1</sub><br />Calc: 38198.4090 MHz<br /> Obs: 38198.4308 MHz"
38198.430828,13c4,38198.41,0.088,5,4,1,4,3,1,1,0,c,"MTBE-13c4 v<sub>t</sub> = 0<br />E 5<sub>4,1</sub>–4<sub>3,1</sub><br />Calc: 38198.4100 MHz<br /> Obs: 38198.4308 MHz"
38200.430357,13c4,38200.426,0.136,5,4,1,4,3,1,2,0,c,"MTBE-13c4 v<sub>t</sub> = 0<br />A 5<sub>4,1</sub>–4<sub>3,1</sub><br />Calc: 38200.4260 MHz<br /> Obs: 38200.4304 MHz"
33767.514291,13c4,33767.515,0.0559999999999999,6,1,6,5,0,5,1,0,b,"MTBE-13c4 v<sub>t</sub> = 0<br />E 6<sub>1,6</sub>–5<sub>0,5</sub><br />Calc: 33767.5150 MHz<br /> Obs: 33767.5143 MHz"
33767.286178,13c4,33767.287000000004,0.0559999999999999,6,1,6,5,0,5,2,0,b,"MTBE-13c4 v<sub>t</sub> = 0<br />A 6<sub>1,6</sub>–5<sub>0,5</sub><br />Calc: 33767.2870 MHz<br /> Obs: 33767.2862 MHz"
34476.29822,13c4,34476.303,0.08,6,1,5,5,0,5,1,0,c,"MTBE-13c4 v<sub>t</sub> = 0<br />E 6<sub>1,5</sub>–5<sub>0,5</sub><br />Calc: 34476.3030 MHz<br /> Obs: 34476.2982 MHz"
34476.146646,13c4,34476.152,0.08,6,1,5,5,0,5,2,0,c,"MTBE-13c4 v<sub>t</sub> = 0<br />A 6<sub>1,5</sub>–5<sub>0,5</sub><br />Calc: 34476.1520 MHz<br /> Obs: 34476.1466 MHz"
31161.418048,13c4,31161.368,0.04,6,0,6,5,1,5,1,0,b,"MTBE-13c4 v<sub>t</sub> = 0<br />E 6<sub>0,6</sub>–5<sub>1,5</sub><br />Calc: 31161.3680 MHz<br /> Obs: 31161.4180 MHz"
31161.418048,13c4,31161.424,0.04,6,0,6,5,1,5,2,0,b,"MTBE-13c4 v<sub>t</sub> = 0<br />A 6<sub>0,6</sub>–5<sub>1,5</sub><br />Calc: 31161.4240 MHz<br /> Obs: 31161.4180 MHz"
37533.263964,13c4,37533.304,0.0592,6,2,5,5,1,5,1,0,c,"MTBE-13c4 v<sub>t</sub> = 0<br />E 6<sub>2,5</sub>–5<sub>1,5</sub><br />Calc: 37533.3040 MHz<br /> Obs: 37533.2640 MHz"
37531.933532,13c4,37531.963,0.0584,6,2,5,5,1,5,2,0,c,"MTBE-13c4 v<sub>t</sub> = 0<br />A 6<sub>2,5</sub>–5<sub>1,5</sub><br />Calc: 37531.9630 MHz<br /> Obs: 37531.9335 MHz"
37570.862499,13c4,37570.849,0.0328,6,2,4,5,1,5,1,0,b,"MTBE-13c4 v<sub>t</sub> = 0<br />E 6<sub>2,4</sub>–5<sub>1,5</sub><br />Calc: 37570.8490 MHz<br /> Obs: 37570.8625 MHz"
37571.37551,13c4,37571.353,0.0336,6,2,4,5,1,5,2,0,b,"MTBE-13c4 v<sub>t</sub> = 0<br />A 6<sub>2,4</sub>–5<sub>1,5</sub><br />Calc: 37571.3530 MHz<br /> Obs: 37571.3755 MHz"
30654.892065,13c4,30654.916,0.0456,6,0,6,5,1,4,1,0,c,"MTBE-13c4 v<sub>t</sub> = 0<br />E 6<sub>0,6</sub>–5<sub>1,4</sub><br />Calc: 30654.9160 MHz<br /> Obs: 30654.8921 MHz"
30654.892065,13c4,30654.898,0.0456,6,0,6,5,1,4,2,0,c,"MTBE-13c4 v<sub>t</sub> = 0<br />A 6<sub>0,6</sub>–5<sub>1,4</sub><br />Calc: 30654.8980 MHz<br /> Obs: 30654.8921 MHz"
37026.813248,13c4,37026.851,0.0384,6,2,5,5,1,4,1,0,b,"MTBE-13c4 v<sub>t</sub> = 0<br />E 6<sub>2,5</sub>–5<sub>1,4</sub><br />Calc: 37026.8510 MHz<br /> Obs: 37026.8132 MHz"
37025.405815,13c4,37025.437,0.0392,6,2,5,5,1,4,2,0,b,"MTBE-13c4 v<sub>t</sub> = 0<br />A 6<sub>2,5</sub>–5<sub>1,4</sub><br />Calc: 37025.4370 MHz<br /> Obs: 37025.4058 MHz"
37064.425772,13c4,37064.396,0.0672,6,2,4,5,1,4,1,0,c,"MTBE-13c4 v<sub>t</sub> = 0<br />E 6<sub>2,4</sub>–5<sub>1,4</sub><br />Calc: 37064.3960 MHz<br /> Obs: 37064.4258 MHz"
37064.855166,13c4,37064.827,0.0672,6,2,4,5,1,4,2,0,c,"MTBE-13c4 v<sub>t</sub> = 0<br />A 6<sub>2,4</sub>–5<sub>1,4</sub><br />Calc: 37064.8270 MHz<br /> Obs: 37064.8552 MHz"
,13c4,27411.702,0.0144,6,1,6,5,2,4,1,0,c,"MTBE-13c4 v<sub>t</sub> = 0<br />E 6<sub>1,6</sub>–5<sub>2,4</sub><br />Calc: 27411.7020 MHz"
,13c4,27413.687,0.0136,6,1,6,5,2,4,2,0,c,"MTBE-13c4 v<sub>t</sub> = 0<br />A 6<sub>1,6</sub>–5<sub>2,4</sub><br />Calc: 27413.6870 MHz"
,13c4,28120.49,0.0112,6,1,5,5,2,4,1,0,b,"MTBE-13c4 v<sub>t</sub> = 0<br />E 6<sub>1,5</sub>–5<sub>2,4</sub><br />Calc: 28120.4900 MHz"
,13c4,28122.551000000003,0.012,6,1,5,5,2,4,2,0,b,"MTBE-13c4 v<sub>t</sub> = 0<br />A 6<sub>1,5</sub>–5<sub>2,4</sub><br />Calc: 28122.5510 MHz"
,13c4,27392.879,0.0088,6,1,6,5,2,3,1,0,b,"MTBE-13c4 v<sub>t</sub> = 0<br />E 6<sub>1,6</sub>–5<sub>2,3</sub><br />Calc: 27392.8790 MHz"
,13c4,27391.408,0.0088,6,1,6,5,2,3,2,0,b,"MTBE-13c4 v<sub>t</sub> = 0<br />A 6<sub>1,6</sub>–5<sub>2,3</sub><br />Calc: 27391.4080 MHz"
,13c4,28101.667,0.0176,6,1,5,5,2,3,1,0,c,"MTBE-13c4 v<sub>t</sub> = 0<br />E 6<sub>1,5</sub>–5<sub>2,3</sub><br />Calc: 28101.6670 MHz"
,13c4,28100.273,0.0176,6,1,5,5,2,3,2,0,c,"MTBE-13c4 v<sub>t</sub> = 0<br />A 6<sub>1,5</sub>–5<sub>2,3</sub><br />Calc: 28100.2730 MHz"
39082.236782,13c4,39082.226,0.0704,7,1,7,6,0,6,1,0,b,"MTBE-13c4 v<sub>t</sub> = 0<br />E 7<sub>1,7</sub>–6<sub>0,6</sub><br />Calc: 39082.2260 MHz<br /> Obs: 39082.2368 MHz"
39082.004164,13c4,39081.99,0.0704,7,1,7,6,0,6,2,0,b,"MTBE-13c4 v<sub>t</sub> = 0<br />A 7<sub>1,7</sub>–6<sub>0,6</sub><br />Calc: 39081.9900 MHz<br /> Obs: 39082.0042 MHz"
36658.104785,13c4,36658.1,0.0544,7,0,7,6,1,6,1,0,b,"MTBE-13c4 v<sub>t</sub> = 0<br />E 7<sub>0,7</sub>–6<sub>1,6</sub><br />Calc: 36658.1000 MHz<br /> Obs: 36658.1048 MHz"
36658.104785,13c4,36658.13,0.0544,7,0,7,6,1,6,2,0,b,"MTBE-13c4 v<sub>t</sub> = 0<br />A 7<sub>0,7</sub>–6<sub>1,6</sub><br />Calc: 36658.1300 MHz<br /> Obs: 36658.1048 MHz"
35949.274192,13c4,35949.312,0.0567999999999999,7,0,7,6,1,5,1,0,c,"MTBE-13c4 v<sub>t</sub> = 0<br />E 7<sub>0,7</sub>–6<sub>1,5</sub><br />Calc: 35949.3120 MHz<br /> Obs: 35949.2742 MHz"
35949.274192,13c4,35949.266,0.0567999999999999,7,0,7,6,1,5,2,0,c,"MTBE-13c4 v<sub>t</sub> = 0<br />A 7<sub>0,7</sub>–6<sub>1,5</sub><br />Calc: 35949.2660 MHz<br /> Obs: 35949.2742 MHz"
32710.302129,13c4,32710.291,0.02,7,1,7,6,2,5,1,0,c,"MTBE-13c4 v<sub>t</sub> = 0<br />E 7<sub>1,7</sub>–6<sub>2,5</sub><br />Calc: 32710.2910 MHz<br /> Obs: 32710.3021 MHz"
32711.503132,13c4,32711.451,0.0192,7,1,7,6,2,5,2,0,c,"MTBE-13c4 v<sub>t</sub> = 0<br />A 7<sub>1,7</sub>–6<sub>2,5</sub><br />Calc: 32711.4510 MHz<br /> Obs: 32711.5031 MHz"
,13c4,33654.808000000005,0.0168,7,1,6,6,2,5,1,0,b,"MTBE-13c4 v<sub>t</sub> = 0<br />E 7<sub>1,6</sub>–6<sub>2,5</sub><br />Calc: 33654.8080 MHz"
33656.048665,13c4,33656.053,0.0168,7,1,6,6,2,5,2,0,b,"MTBE-13c4 v<sub>t</sub> = 0<br />A 7<sub>1,6</sub>–6<sub>2,5</sub><br />Calc: 33656.0530 MHz<br /> Obs: 33656.0487 MHz"
,13c4,32672.746,0.012,7,1,7,6,2,4,1,0,b,"MTBE-13c4 v<sub>t</sub> = 0<br />E 7<sub>1,7</sub>–6<sub>2,4</sub><br />Calc: 32672.7460 MHz"
,13c4,32672.061,0.012,7,1,7,6,2,4,2,0,b,"MTBE-13c4 v<sub>t</sub> = 0<br />A 7<sub>1,7</sub>–6<sub>2,4</sub><br />Calc: 32672.0610 MHz"
33617.211297,13c4,33617.263,0.0264,7,1,6,6,2,4,1,0,c,"MTBE-13c4 v<sub>t</sub> = 0<br />E 7<sub>1,6</sub>–6<sub>2,4</sub><br />Calc: 33617.2630 MHz<br /> Obs: 33617.2113 MHz"
33616.620394,13c4,33616.663,0.0264,7,1,6,6,2,4,2,0,c,"MTBE-13c4 v<sub>t</sub> = 0<br />A 7<sub>1,6</sub>–6<sub>2,4</sub><br />Calc: 33616.6630 MHz<br /> Obs: 33616.6204 MHz"
,13c4,30009.964,0.0128,7,2,6,6,3,4,1,0,c,"MTBE-13c4 v<sub>t</sub> = 0<br />E 7<sub>2,6</sub>–6<sub>3,4</sub><br />Calc: 30009.9640 MHz"
,13c4,30018.671,0.0128,7,2,6,6,3,4,2,0,c,"MTBE-13c4 v<sub>t</sub> = 0<br />A 7<sub>2,6</sub>–6<sub>3,4</sub><br />Calc: 30018.6710 MHz"
,13c4,30077.261,0.008,7,2,5,6,3,4,1,0,b,"MTBE-13c4 v<sub>t</sub> = 0<br />E 7<sub>2,5</sub>–6<sub>3,4</sub><br />Calc: 30077.2610 MHz"
,13c4,30087.019,0.0088,7,2,5,6,3,4,2,0,b,"MTBE-13c4 v<sub>t</sub> = 0<br />A 7<sub>2,5</sub>–6<sub>3,4</sub><br />Calc: 30087.0190 MHz"
,13c4,30009.513,0.008,7,2,6,6,3,3,1,0,b,"MTBE-13c4 v<sub>t</sub> = 0<br />E 7<sub>2,6</sub>–6<sub>3,3</sub><br />Calc: 30009.5130 MHz"
,13c4,30000.829,0.0088,7,2,6,6,3,3,2,0,b,"MTBE-13c4 v<sub>t</sub> = 0<br />A 7<sub>2,6</sub>–6<sub>3,3</sub><br />Calc: 30000.8290 MHz"
,13c4,30076.81,0.0128,7,2,5,6,3,3,1,0,c,"MTBE-13c4 v<sub>t</sub> = 0<br />E 7<sub>2,5</sub>–6<sub>3,3</sub><br />Calc: 30076.8100 MHz"
,13c4,30069.177,0.0128,7,2,5,6,3,3,2,0,c,"MTBE-13c4 v<sub>t</sub> = 0<br />A 7<sub>2,5</sub>–6<sub>3,3</sub><br />Calc: 30069.1770 MHz"
,13c4,26861.056,0.00648,7,3,5,6,4,3,1,0,c,"MTBE-13c4 v<sub>t</sub> = 0<br />E 7<sub>3,5</sub>–6<sub>4,3</sub><br />Calc: 26861.0560 MHz"
,13c4,26865.339,0.0104,7,3,5,6,4,3,2,0,c,"MTBE-13c4 v<sub>t</sub> = 0<br />A 7<sub>3,5</sub>–6<sub>4,3</sub><br />Calc: 26865.3390 MHz"
,13c4,26862.18,0.00648,7,3,4,6,4,2,1,0,c,"MTBE-13c4 v<sub>t</sub> = 0<br />E 7<sub>3,4</sub>–6<sub>4,2</sub><br />Calc: 26862.1800 MHz"
,13c4,26859.462,0.0104,7,3,4,6,4,2,2,0,c,"MTBE-13c4 v<sub>t</sub> = 0<br />A 7<sub>3,4</sub>–6<sub>4,2</sub><br />Calc: 26859.4620 MHz"
37990.371912,13c4,37990.347,0.024,8,1,8,7,2,6,1,0,c,"MTBE-13c4 v<sub>t</sub> = 0<br />E 8<sub>1,8</sub>–7<sub>2,6</sub><br />Calc: 37990.3470 MHz<br /> Obs: 37990.3719 MHz"
37991.113405,13c4,37991.088,0.024,8,1,8,7,2,6,2,0,c,"MTBE-13c4 v<sub>t</sub> = 0<br />A 8<sub>1,8</sub>–7<sub>2,6</sub><br />Calc: 37991.0880 MHz<br /> Obs: 37991.1134 MHz"
39203.701887,13c4,39203.687000000005,0.0208,8,1,7,7,2,6,1,0,b,"MTBE-13c4 v<sub>t</sub> = 0<br />E 8<sub>1,7</sub>–7<sub>2,6</sub><br />Calc: 39203.6870 MHz<br /> Obs: 39203.7019 MHz"
39204.594638,13c4,39204.524,0.0216,8,1,7,7,2,6,2,0,b,"MTBE-13c4 v<sub>t</sub> = 0<br />A 8<sub>1,7</sub>–7<sub>2,6</sub><br />Calc: 39204.5240 MHz<br /> Obs: 39204.5946 MHz"
37923.033654,13c4,37923.049,0.0136,8,1,8,7,2,5,1,0,b,"MTBE-13c4 v<sub>t</sub> = 0<br />E 8<sub>1,8</sub>–7<sub>2,5</sub><br />Calc: 37923.0490 MHz<br /> Obs: 37923.0337 MHz"
37922.652192,13c4,37922.74,0.0136,8,1,8,7,2,5,2,0,b,"MTBE-13c4 v<sub>t</sub> = 0<br />A 8<sub>1,8</sub>–7<sub>2,5</sub><br />Calc: 37922.7400 MHz<br /> Obs: 37922.6522 MHz"
39136.414532,13c4,39136.39,0.0344,8,1,7,7,2,5,1,0,c,"MTBE-13c4 v<sub>t</sub> = 0<br />E 8<sub>1,7</sub>–7<sub>2,5</sub><br />Calc: 39136.3900 MHz<br /> Obs: 39136.4145 MHz"
39136.212799,13c4,39136.176,0.0344,8,1,7,7,2,5,2,0,c,"MTBE-13c4 v<sub>t</sub> = 0<br />A 8<sub>1,7</sub>–7<sub>2,5</sub><br />Calc: 39136.1760 MHz<br /> Obs: 39136.2128 MHz"
,13c4,35420.429,0.0176,8,2,7,7,3,5,1,0,c,"MTBE-13c4 v<sub>t</sub> = 0<br />E 8<sub>2,7</sub>–7<sub>3,5</sub><br />Calc: 35420.4290 MHz"
,13c4,35428.992,0.016,8,2,7,7,3,5,2,0,c,"MTBE-13c4 v<sub>t</sub> = 0<br />A 8<sub>2,7</sub>–7<sub>3,5</sub><br />Calc: 35428.9920 MHz"
,13c4,35531.899000000005,0.0112,8,2,6,7,3,5,1,0,b,"MTBE-13c4 v<sub>t</sub> = 0<br />E 8<sub>2,6</sub>–7<sub>3,5</sub><br />Calc: 35531.8990 MHz"
,13c4,35541.111000000004,0.0128,8,2,6,7,3,5,2,0,b,"MTBE-13c4 v<sub>t</sub> = 0<br />A 8<sub>2,6</sub>–7<sub>3,5</sub><br />Calc: 35541.1110 MHz"
,13c4,35419.303,0.0112,8,2,7,7,3,4,1,0,b,"MTBE-13c4 v<sub>t</sub> = 0<br />E 8<sub>2,7</sub>–7<sub>3,4</sub><br />Calc: 35419.3030 MHz"
,13c4,35411.142,0.0128,8,2,7,7,3,4,2,0,b,"MTBE-13c4 v<sub>t</sub> = 0<br />A 8<sub>2,7</sub>–7<sub>3,4</sub><br />Calc: 35411.1420 MHz"
,13c4,35530.772,0.0176,8,2,6,7,3,4,1,0,c,"MTBE-13c4 v<sub>t</sub> = 0<br />E 8<sub>2,6</sub>–7<sub>3,4</sub><br />Calc: 35530.7720 MHz"
,13c4,35523.26,0.016,8,2,6,7,3,4,2,0,c,"MTBE-13c4 v<sub>t</sub> = 0<br />A 8<sub>2,6</sub>–7<sub>3,4</sub><br />Calc: 35523.2600 MHz"
,13c4,32285.451,0.0096,8,3,6,7,4,4,1,0,c,"MTBE-13c4 v<sub>t</sub> = 0<br />E 8<sub>3,6</sub>–7<sub>4,4</sub><br />Calc: 32285.4510 MHz"
,13c4,32290.327,0.016,8,3,6,7,4,4,2,0,c,"MTBE-13c4 v<sub>t</sub> = 0<br />A 8<sub>3,6</sub>–7<sub>4,4</sub><br />Calc: 32290.3270 MHz"
,13c4,32287.926,0.00648,8,3,5,7,4,4,1,0,b,"MTBE-13c4 v<sub>t</sub> = 0<br />E 8<sub>3,5</sub>–7<sub>4,4</sub><br />Calc: 32287.9260 MHz"
,13c4,32285.444,0.00648,8,3,6,7,4,3,1,0,b,"MTBE-13c4 v<sub>t</sub> = 0<br />E 8<sub>3,6</sub>–7<sub>4,3</sub><br />Calc: 32285.4440 MHz"
,13c4,32287.919,0.0096,8,3,5,7,4,3,1,0,c,"MTBE-13c4 v<sub>t</sub> = 0<br />E 8<sub>3,5</sub>–7<sub>4,3</sub><br />Calc: 32287.9190 MHz"
,13c4,32284.583,0.016,8,3,5,7,4,3,2,0,c,"MTBE-13c4 v<sub>t</sub> = 0<br />A 8<sub>3,5</sub>–7<sub>4,3</sub><br />Calc: 32284.5830 MHz"
,13c4,29115.491,0.008,8,4,5,7,5,3,2,0,c,"MTBE-13c4 v<sub>t</sub> = 0<br />A 8<sub>4,5</sub>–7<sub>5,3</sub><br />Calc: 29115.4910 MHz"
,13c4,29109.631,0.008,8,4,4,7,5,2,2,0,c,"MTBE-13c4 v<sub>t</sub> = 0<br />A 8<sub>4,4</sub>–7<sub>5,2</sub><br />Calc: 29109.6310 MHz"
37710.69156,13c4,37710.73,0.0128,9,3,7,8,4,5,1,0,c,"MTBE-13c4 v<sub>t</sub> = 0<br />E 9<sub>3,7</sub>–8<sub>4,5</sub><br />Calc: 37710.7300 MHz<br /> Obs: 37710.6916 MHz"
37716.532432,13c4,37716.569,0.0208,9,3,7,8,4,5,2,0,c,"MTBE-13c4 v<sub>t</sub> = 0<br />A 9<sub>3,7</sub>–8<sub>4,5</sub><br />Calc: 37716.5690 MHz<br /> Obs: 37716.5324 MHz"
37715.666105,13c4,37715.672,0.008,9,3,6,8,4,5,1,0,b,"MTBE-13c4 v<sub>t</sub> = 0<br />E 9<sub>3,6</sub>–8<sub>4,5</sub><br />Calc: 37715.6720 MHz<br /> Obs: 37715.6661 MHz"
37710.69156,13c4,37710.708,0.008,9,3,7,8,4,4,1,0,b,"MTBE-13c4 v<sub>t</sub> = 0<br />E 9<sub>3,7</sub>–8<sub>4,4</sub><br />Calc: 37710.7080 MHz<br /> Obs: 37710.6916 MHz"
37715.666105,13c4,37715.65,0.0128,9,3,6,8,4,4,1,0,c,"MTBE-13c4 v<sub>t</sub> = 0<br />E 9<sub>3,6</sub>–8<sub>4,4</sub><br />Calc: 37715.6500 MHz<br /> Obs: 37715.6661 MHz"
37711.287412,13c4,37711.324,0.0208,9,3,6,8,4,4,2,0,c,"MTBE-13c4 v<sub>t</sub> = 0<br />A 9<sub>3,6</sub>–8<sub>4,4</sub><br />Calc: 37711.3240 MHz<br /> Obs: 37711.2874 MHz"
,13c4,34535.4,0.00712,9,4,6,8,5,4,1,0,c,"MTBE-13c4 v<sub>t</sub> = 0<br />E 9<sub>4,6</sub>–8<sub>5,4</sub><br />Calc: 34535.4000 MHz"
,13c4,34539.359,0.012,9,4,6,8,5,4,2,0,c,"MTBE-13c4 v<sub>t</sub> = 0<br />A 9<sub>4,6</sub>–8<sub>5,4</sub><br />Calc: 34539.3590 MHz"
,13c4,34535.456000000006,0.00712,9,4,5,8,5,3,1,0,c,"MTBE-13c4 v<sub>t</sub> = 0<br />E 9<sub>4,5</sub>–8<sub>5,3</sub><br />Calc: 34535.4560 MHz"
,13c4,34533.501000000004,0.012,9,4,5,8,5,3,2,0,c,"MTBE-13c4 v<sub>t</sub> = 0<br />A 9<sub>4,5</sub>–8<sub>5,3</sub><br />Calc: 34533.5010 MHz"
,13c4,31365.986,0.0057599999999999,9,5,5,8,6,3,2,0,c,"MTBE-13c4 v<sub>t</sub> = 0<br />A 9<sub>5,5</sub>–8<sub>6,3</sub><br />Calc: 31365.9860 MHz"
,13c4,31360.191,0.0057599999999999,9,5,4,8,6,2,2,0,c,"MTBE-13c4 v<sub>t</sub> = 0<br />A 9<sub>5,4</sub>–8<sub>6,2</sub><br />Calc: 31360.1910 MHz"
,13c4,26941.635,0.0088,9,9,1,9,8,2,1,0,b,"MTBE-13c4 v<sub>t</sub> = 0<br />E 9<sub>9,1</sub>–9<sub>8,2</sub><br />Calc: 26941.6350 MHz"
,13c4,26936.82,0.0088,9,9,1,9,8,2,2,0,b,"MTBE-13c4 v<sub>t</sub> = 0<br />A 9<sub>9,1</sub>–9<sub>8,2</sub><br />Calc: 26936.8200 MHz"
,13c4,26941.635,0.0088,9,9,0,9,8,1,1,0,b,"MTBE-13c4 v<sub>t</sub> = 0<br />E 9<sub>9,0</sub>–9<sub>8,1</sub><br />Calc: 26941.6350 MHz"
,13c4,26942.297,0.0088,9,9,0,9,8,1,2,0,b,"MTBE-13c4 v<sub>t</sub> = 0<br />A 9<sub>9,0</sub>–9<sub>8,1</sub><br />Calc: 26942.2970 MHz"
,13c4,39960.063,0.0088,10,4,7,9,5,5,1,0,c,"MTBE-13c4 v<sub>t</sub> = 0<br />E 10<sub>4,7</sub>–9<sub>5,5</sub><br />Calc: 39960.0630 MHz"
,13c4,39964.046,0.0144,10,4,7,9,5,5,2,0,c,"MTBE-13c4 v<sub>t</sub> = 0<br />A 10<sub>4,7</sub>–9<sub>5,5</sub><br />Calc: 39964.0460 MHz"
,13c4,39960.195,0.0057599999999999,10,4,6,9,5,5,1,0,b,"MTBE-13c4 v<sub>t</sub> = 0<br />E 10<sub>4,6</sub>–9<sub>5,5</sub><br />Calc: 39960.1950 MHz"
,13c4,39960.062,0.0057599999999999,10,4,7,9,5,4,1,0,b,"MTBE-13c4 v<sub>t</sub> = 0<br />E 10<sub>4,7</sub>–9<sub>5,4</sub><br />Calc: 39960.0620 MHz"
,13c4,39960.195,0.0088,10,4,6,9,5,4,1,0,c,"MTBE-13c4 v<sub>t</sub> = 0<br />E 10<sub>4,6</sub>–9<sub>5,4</sub><br />Calc: 39960.1950 MHz"
,13c4,39958.188,0.0144,10,4,6,9,5,4,2,0,c,"MTBE-13c4 v<sub>t</sub> = 0<br />A 10<sub>4,6</sub>–9<sub>5,4</sub><br />Calc: 39958.1880 MHz"
36789.319078,13c4,36789.35400000001,0.008,10,5,6,9,6,4,2,0,c,"MTBE-13c4 v<sub>t</sub> = 0<br />A 10<sub>5,6</sub>–9<sub>6,4</sub><br />Calc: 36789.3540 MHz<br /> Obs: 36789.3191 MHz"
36783.602607,13c4,36783.559,0.008,10,5,5,9,6,3,2,0,c,"MTBE-13c4 v<sub>t</sub> = 0<br />A 10<sub>5,5</sub>–9<sub>6,3</sub><br />Calc: 36783.5590 MHz<br /> Obs: 36783.6026 MHz"
,13c4,26935.088,0.012,10,9,2,10,8,3,2,0,b,"MTBE-13c4 v<sub>t</sub> = 0<br />A 10<sub>9,2</sub>–10<sub>8,3</sub><br />Calc: 26935.0880 MHz"
,13c4,26939.897,0.012,10,9,1,10,8,3,1,0,c,"MTBE-13c4 v<sub>t</sub> = 0<br />E 10<sub>9,1</sub>–10<sub>8,3</sub><br />Calc: 26939.8970 MHz"
,13c4,26939.897,0.012,10,9,2,10,8,2,1,0,c,"MTBE-13c4 v<sub>t</sub> = 0<br />E 10<sub>9,2</sub>–10<sub>8,2</sub><br />Calc: 26939.8970 MHz"
,13c4,26940.558,0.012,10,9,1,10,8,2,2,0,b,"MTBE-13c4 v<sub>t</sub> = 0<br />A 10<sub>9,1</sub>–10<sub>8,2</sub><br />Calc: 26940.5580 MHz"
,13c4,30112.165,0.006,10,10,1,10,9,2,1,0,b,"MTBE-13c4 v<sub>t</sub> = 0<br />E 10<sub>10,1</sub>–10<sub>9,2</sub><br />Calc: 30112.1650 MHz"
,13c4,30107.184,0.00592,10,10,1,10,9,2,2,0,b,"MTBE-13c4 v<sub>t</sub> = 0<br />A 10<sub>10,1</sub>–10<sub>9,2</sub><br />Calc: 30107.1840 MHz"
,13c4,30112.165,0.006,10,10,0,10,9,1,1,0,b,"MTBE-13c4 v<sub>t</sub> = 0<br />E 10<sub>10,0</sub>–10<sub>9,1</sub><br />Calc: 30112.1650 MHz"
,13c4,30112.538,0.00592,10,10,0,10,9,1,2,0,b,"MTBE-13c4 v<sub>t</sub> = 0<br />A 10<sub>10,0</sub>–10<sub>9,1</sub><br />Calc: 30112.5380 MHz"
,13c4,39039.4,0.0050399999999999,11,6,6,10,7,4,2,0,c,"MTBE-13c4 v<sub>t</sub> = 0<br />A 11<sub>6,6</sub>–10<sub>7,4</sub><br />Calc: 39039.4000 MHz"
,13c4,39033.681,0.0050399999999999,11,6,5,10,7,3,2,0,c,"MTBE-13c4 v<sub>t</sub> = 0<br />A 11<sub>6,5</sub>–10<sub>7,3</sub><br />Calc: 39033.6810 MHz"
,13c4,26933.113,0.0128,11,9,3,11,8,4,2,0,b,"MTBE-13c4 v<sub>t</sub> = 0<br />A 11<sub>9,3</sub>–11<sub>8,4</sub><br />Calc: 26933.1130 MHz"
,13c4,26937.915,0.0128,11,9,2,11,8,4,1,0,c,"MTBE-13c4 v<sub>t</sub> = 0<br />E 11<sub>9,2</sub>–11<sub>8,4</sub><br />Calc: 26937.9150 MHz"
,13c4,26937.915,0.0128,11,9,3,11,8,3,1,0,c,"MTBE-13c4 v<sub>t</sub> = 0<br />E 11<sub>9,3</sub>–11<sub>8,3</sub><br />Calc: 26937.9150 MHz"
,13c4,26938.575,0.0128,11,9,2,11,8,3,2,0,b,"MTBE-13c4 v<sub>t</sub> = 0<br />A 11<sub>9,2</sub>–11<sub>8,3</sub><br />Calc: 26938.5750 MHz"
,13c4,30110.114,0.008,11,10,2,11,9,3,1,0,b,"MTBE-13c4 v<sub>t</sub> = 0<br />E 11<sub>10,2</sub>–11<sub>9,3</sub><br />Calc: 30110.1140 MHz"
,13c4,30105.14,0.008,11,10,2,11,9,3,2,0,b,"MTBE-13c4 v<sub>t</sub> = 0<br />A 11<sub>10,2</sub>–11<sub>9,3</sub><br />Calc: 30105.1400 MHz"
,13c4,30110.114,0.008,11,10,1,11,9,2,1,0,b,"MTBE-13c4 v<sub>t</sub> = 0<br />E 11<sub>10,1</sub>–11<sub>9,2</sub><br />Calc: 30110.1140 MHz"
,13c4,30110.486,0.008,11,10,1,11,9,2,2,0,b,"MTBE-13c4 v<sub>t</sub> = 0<br />A 11<sub>10,1</sub>–11<sub>9,2</sub><br />Calc: 30110.4860 MHz"
,13c4,26935.669,0.0112,12,9,4,12,8,5,1,0,b,"MTBE-13c4 v<sub>t</sub> = 0<br />E 12<sub>9,4</sub>–12<sub>8,5</sub><br />Calc: 26935.6690 MHz"
,13c4,26930.875,0.0112,12,9,4,12,8,5,2,0,b,"MTBE-13c4 v<sub>t</sub> = 0<br />A 12<sub>9,4</sub>–12<sub>8,5</sub><br />Calc: 26930.8750 MHz"
,13c4,26935.669,0.0112,12,9,3,12,8,4,1,0,b,"MTBE-13c4 v<sub>t</sub> = 0<br />E 12<sub>9,3</sub>–12<sub>8,4</sub><br />Calc: 26935.6690 MHz"
,13c4,26936.328,0.0112,12,9,3,12,8,4,2,0,b,"MTBE-13c4 v<sub>t</sub> = 0<br />A 12<sub>9,3</sub>–12<sub>8,4</sub><br />Calc: 26936.3280 MHz"
,13c4,30107.817,0.008,12,10,3,12,9,4,1,0,b,"MTBE-13c4 v<sub>t</sub> = 0<br />E 12<sub>10,3</sub>–12<sub>9,4</sub><br />Calc: 30107.8170 MHz"
,13c4,30102.851,0.008,12,10,3,12,9,4,2,0,b,"MTBE-13c4 v<sub>t</sub> = 0<br />A 12<sub>10,3</sub>–12<sub>9,4</sub><br />Calc: 30102.8510 MHz"
,13c4,30107.817,0.008,12,10,2,12,9,3,1,0,b,"MTBE-13c4 v<sub>t</sub> = 0<br />E 12<sub>10,2</sub>–12<sub>9,3</sub><br />Calc: 30107.8170 MHz"
,13c4,30108.189,0.008,12,10,2,12,9,3,2,0,b,"MTBE-13c4 v<sub>t</sub> = 0<br />A 12<sub>10,2</sub>–12<sub>9,3</sub><br />Calc: 30108.1890 MHz"
,13c4,33280.611,0.0052,12,11,2,12,10,3,1,0,b,"MTBE-13c4 v<sub>t</sub> = 0<br />E 12<sub>11,2</sub>–12<sub>10,3</sub><br />Calc: 33280.6110 MHz"
,13c4,33275.484,0.0052,12,11,2,12,10,3,2,0,b,"MTBE-13c4 v<sub>t</sub> = 0<br />A 12<sub>11,2</sub>–12<sub>10,3</sub><br />Calc: 33275.4840 MHz"
,13c4,33280.611,0.0052,12,11,1,12,10,2,1,0,b,"MTBE-13c4 v<sub>t</sub> = 0<br />E 12<sub>11,1</sub>–12<sub>10,2</sub><br />Calc: 33280.6110 MHz"
,13c4,33280.694,0.0052,12,11,1,12,10,2,2,0,b,"MTBE-13c4 v<sub>t</sub> = 0<br />A 12<sub>11,1</sub>–12<sub>10,2</sub><br />Calc: 33280.6940 MHz"
,13c4,26933.137,0.0096,13,9,5,13,8,6,1,0,b,"MTBE-13c4 v<sub>t</sub> = 0<br />E 13<sub>9,5</sub>–13<sub>8,6</sub><br />Calc: 26933.1370 MHz"
,13c4,26928.351,0.0096,13,9,5,13,8,6,2,0,b,"MTBE-13c4 v<sub>t</sub> = 0<br />A 13<sub>9,5</sub>–13<sub>8,6</sub><br />Calc: 26928.3510 MHz"
,13c4,26933.137,0.0096,13,9,4,13,8,5,1,0,b,"MTBE-13c4 v<sub>t</sub> = 0<br />E 13<sub>9,4</sub>–13<sub>8,5</sub><br />Calc: 26933.1370 MHz"
,13c4,26933.796,0.0096,13,9,4,13,8,5,2,0,b,"MTBE-13c4 v<sub>t</sub> = 0<br />A 13<sub>9,4</sub>–13<sub>8,5</sub><br />Calc: 26933.7960 MHz"
,13c4,30105.258,0.0072,13,10,4,13,9,5,1,0,b,"MTBE-13c4 v<sub>t</sub> = 0<br />E 13<sub>10,4</sub>–13<sub>9,5</sub><br />Calc: 30105.2580 MHz"
,13c4,30100.301000000003,0.0072,13,10,4,13,9,5,2,0,b,"MTBE-13c4 v<sub>t</sub> = 0<br />A 13<sub>10,4</sub>–13<sub>9,5</sub><br />Calc: 30100.3010 MHz"
,13c4,30105.258,0.0072,13,10,3,13,9,4,1,0,b,"MTBE-13c4 v<sub>t</sub> = 0<br />E 13<sub>10,3</sub>–13<sub>9,4</sub><br />Calc: 30105.2580 MHz"
,13c4,30105.63,0.0072,13,10,3,13,9,4,2,0,b,"MTBE-13c4 v<sub>t</sub> = 0<br />A 13<sub>10,3</sub>–13<sub>9,4</sub><br />Calc: 30105.6300 MHz"
,13c4,33277.958,0.0050399999999999,13,11,3,13,10,4,1,0,b,"MTBE-13c4 v<sub>t</sub> = 0<br />E 13<sub>11,3</sub>–13<sub>10,4</sub><br />Calc: 33277.9580 MHz"
,13c4,33272.840000000004,0.0050399999999999,13,11,3,13,10,4,2,0,b,"MTBE-13c4 v<sub>t</sub> = 0<br />A 13<sub>11,3</sub>–13<sub>10,4</sub><br />Calc: 33272.8400 MHz"
,13c4,33277.958,0.0050399999999999,13,11,2,13,10,3,1,0,b,"MTBE-13c4 v<sub>t</sub> = 0<br />E 13<sub>11,2</sub>–13<sub>10,3</sub><br />Calc: 33277.9580 MHz"
,13c4,33278.041000000005,0.0050399999999999,13,11,2,13,10,3,2,0,b,"MTBE-13c4 v<sub>t</sub> = 0<br />A 13<sub>11,2</sub>–13<sub>10,3</sub><br />Calc: 33278.0410 MHz"
,13c4,26930.296,0.0068,14,9,6,14,8,7,1,0,b,"MTBE-13c4 v<sub>t</sub> = 0<br />E 14<sub>9,6</sub>–14<sub>8,7</sub><br />Calc: 26930.2960 MHz"
,13c4,26925.519,0.00696,14,9,6,14,8,7,2,0,b,"MTBE-13c4 v<sub>t</sub> = 0<br />A 14<sub>9,6</sub>–14<sub>8,7</sub><br />Calc: 26925.5190 MHz"
,13c4,26930.296,0.0068,14,9,5,14,8,6,1,0,b,"MTBE-13c4 v<sub>t</sub> = 0<br />E 14<sub>9,5</sub>–14<sub>8,6</sub><br />Calc: 26930.2960 MHz"
,13c4,26930.954,0.00696,14,9,5,14,8,6,2,0,b,"MTBE-13c4 v<sub>t</sub> = 0<br />A 14<sub>9,5</sub>–14<sub>8,6</sub><br />Calc: 26930.9540 MHz"
,13c4,30102.422,0.0056,14,10,5,14,9,6,1,0,b,"MTBE-13c4 v<sub>t</sub> = 0<br />E 14<sub>10,5</sub>–14<sub>9,6</sub><br />Calc: 30102.4220 MHz"
,13c4,30097.474,0.0056,14,10,5,14,9,6,2,0,b,"MTBE-13c4 v<sub>t</sub> = 0<br />A 14<sub>10,5</sub>–14<sub>9,6</sub><br />Calc: 30097.4740 MHz"
,13c4,30102.422,0.0056,14,10,4,14,9,5,1,0,b,"MTBE-13c4 v<sub>t</sub> = 0<br />E 14<sub>10,4</sub>–14<sub>9,5</sub><br />Calc: 30102.4220 MHz"
,13c4,30102.793,0.0056,14,10,4,14,9,5,2,0,b,"MTBE-13c4 v<sub>t</sub> = 0<br />A 14<sub>10,4</sub>–14<sub>9,5</sub><br />Calc: 30102.7930 MHz"
,18o,26606.317,0.00504,4,2,2,3,1,3,1,0,b,"MTBE-18o v<sub>t</sub> = 0<br />E 4<sub>2,2</sub>–3<sub>1,3</sub><br />Calc: 26606.3170 MHz"
,18o,26500.262,0.00512,4,2,3,3,1,2,1,0,b,"MTBE-18o v<sub>t</sub> = 0<br />E 4<sub>2,3</sub>–3<sub>1,2</sub><br />Calc: 26500.2620 MHz"
,18o,29821.498,0.00768,4,3,2,3,2,2,2,0,c,"MTBE-18o v<sub>t</sub> = 0<br />A 4<sub>3,2</sub>–3<sub>2,2</sub><br />Calc: 29821.4980 MHz"
29825.377069,18o,29825.381,0.00776,4,3,1,3,2,2,1,0,b,"MTBE-18o v<sub>t</sub> = 0<br />E 4<sub>3,1</sub>–3<sub>2,2</sub><br />Calc: 29825.3810 MHz<br /> Obs: 29825.3771 MHz"
,18o,29824.69,0.00776,4,3,2,3,2,1,1,0,b,"MTBE-18o v<sub>t</sub> = 0<br />E 4<sub>3,2</sub>–3<sub>2,1</sub><br />Calc: 29824.6900 MHz"
,18o,29827.262,0.00768,4,3,1,3,2,1,2,0,c,"MTBE-18o v<sub>t</sub> = 0<br />A 4<sub>3,1</sub>–3<sub>2,1</sub><br />Calc: 29827.2620 MHz"
33094.269034,18o,33094.169,0.0104,4,4,1,3,3,1,2,0,c,"MTBE-18o v<sub>t</sub> = 0<br />A 4<sub>4,1</sub>–3<sub>3,1</sub><br />Calc: 33094.1690 MHz<br /> Obs: 33094.2690 MHz"
33097.933649,18o,33097.931000000004,0.0104,4,4,0,3,3,1,1,0,b,"MTBE-18o v<sub>t</sub> = 0<br />E 4<sub>4,0</sub>–3<sub>3,1</sub><br />Calc: 33097.9310 MHz<br /> Obs: 33097.9336 MHz"
33097.933649,18o,33097.93,0.0104,4,4,1,3,3,0,1,0,b,"MTBE-18o v<sub>t</sub> = 0<br />E 4<sub>4,1</sub>–3<sub>3,0</sub><br />Calc: 33097.9300 MHz<br /> Obs: 33097.9336 MHz"
33099.96978,18o,33099.915,0.0104,4,4,0,3,3,0,2,0,c,"MTBE-18o v<sub>t</sub> = 0<br />A 4<sub>4,0</sub>–3<sub>3,0</sub><br />Calc: 33099.9150 MHz<br /> Obs: 33099.9698 MHz"
28561.393124,18o,28561.435,0.0104,5,1,5,4,0,4,1,0,b,"MTBE-18o v<sub>t</sub> = 0<br />E 5<sub>1,5</sub>–4<sub>0,4</sub><br />Calc: 28561.4350 MHz<br /> Obs: 28561.3931 MHz"
28561.393124,18o,28561.33,0.0104,5,1,5,4,0,4,2,0,b,"MTBE-18o v<sub>t</sub> = 0<br />A 5<sub>1,5</sub>–4<sub>0,4</sub><br />Calc: 28561.3300 MHz<br /> Obs: 28561.3931 MHz"
,18o,32054.321,0.0072,5,2,3,4,1,4,1,0,b,"MTBE-18o v<sub>t</sub> = 0<br />E 5<sub>2,3</sub>–4<sub>1,4</sub><br />Calc: 32054.3210 MHz"
,18o,31876.2,0.0076,5,2,4,4,1,3,1,0,b,"MTBE-18o v<sub>t</sub> = 0<br />E 5<sub>2,4</sub>–4<sub>1,3</sub><br />Calc: 31876.2000 MHz"
,18o,31871.9,0.00512,5,2,4,4,1,3,2,0,b,"MTBE-18o v<sub>t</sub> = 0<br />A 5<sub>2,4</sub>–4<sub>1,3</sub><br />Calc: 31871.9000 MHz"
,18o,35231.973000000005,0.0104,5,3,3,4,2,3,2,0,c,"MTBE-18o v<sub>t</sub> = 0<br />A 5<sub>3,3</sub>–4<sub>2,3</sub><br />Calc: 35231.9730 MHz"
35236.513934,18o,35236.482,0.0104,5,3,2,4,2,3,1,0,b,"MTBE-18o v<sub>t</sub> = 0<br />E 5<sub>3,2</sub>–4<sub>2,3</sub><br />Calc: 35236.4820 MHz<br /> Obs: 35236.5139 MHz"
35234.420871,18o,35234.406,0.0104,5,3,3,4,2,2,1,0,b,"MTBE-18o v<sub>t</sub> = 0<br />E 5<sub>3,3</sub>–4<sub>2,2</sub><br />Calc: 35234.4060 MHz<br /> Obs: 35234.4209 MHz"
35237.618357,18o,35237.572,0.0104,5,3,2,4,2,2,2,0,c,"MTBE-18o v<sub>t</sub> = 0<br />A 5<sub>3,2</sub>–4<sub>2,2</sub><br />Calc: 35237.5720 MHz<br /> Obs: 35237.6184 MHz"
38504.618449,18o,38504.577,0.0136,5,4,2,4,3,2,2,0,c,"MTBE-18o v<sub>t</sub> = 0<br />A 5<sub>4,2</sub>–4<sub>3,2</sub><br />Calc: 38504.5770 MHz<br /> Obs: 38504.6184 MHz"
38508.401668,18o,38508.353,0.0136,5,4,1,4,3,2,1,0,b,"MTBE-18o v<sub>t</sub> = 0<br />E 5<sub>4,1</sub>–4<sub>3,2</sub><br />Calc: 38508.3530 MHz<br /> Obs: 38508.4017 MHz"
38508.401668,18o,38508.348,0.0136,5,4,2,4,3,1,1,0,b,"MTBE-18o v<sub>t</sub> = 0<br />E 5<sub>4,2</sub>–4<sub>3,1</sub><br />Calc: 38508.3480 MHz<br /> Obs: 38508.4017 MHz"
38510.345012,18o,38510.315,0.0136,5,4,1,4,3,1,2,0,c,"MTBE-18o v<sub>t</sub> = 0<br />A 5<sub>4,1</sub>–4<sub>3,1</sub><br />Calc: 38510.3150 MHz<br /> Obs: 38510.3450 MHz"
,18o,33921.78,0.0144,6,1,6,5,0,5,1,0,b,"MTBE-18o v<sub>t</sub> = 0<br />E 6<sub>1,6</sub>–5<sub>0,5</sub><br />Calc: 33921.7800 MHz"
,18o,33921.718,0.0144,6,1,6,5,0,5,2,0,b,"MTBE-18o v<sub>t</sub> = 0<br />A 6<sub>1,6</sub>–5<sub>0,5</sub><br />Calc: 33921.7180 MHz"
30949.736804,18o,30949.785,0.0096,6,0,6,5,1,5,1,0,b,"MTBE-18o v<sub>t</sub> = 0<br />E 6<sub>0,6</sub>–5<sub>1,5</sub><br />Calc: 30949.7850 MHz<br /> Obs: 30949.7368 MHz"
30949.736804,18o,30949.711,0.0096,6,0,6,5,1,5,2,0,b,"MTBE-18o v<sub>t</sub> = 0<br />A 6<sub>0,6</sub>–5<sub>1,5</sub><br />Calc: 30949.7110 MHz<br /> Obs: 30949.7368 MHz"
,18o,37512.990000000005,0.0088,6,2,4,5,1,5,1,0,b,"MTBE-18o v<sub>t</sub> = 0<br />E 6<sub>2,4</sub>–5<sub>1,5</sub><br />Calc: 37512.9900 MHz"
,18o,37515.165,0.00736,6,2,4,5,1,5,2,0,b,"MTBE-18o v<sub>t</sub> = 0<br />A 6<sub>2,4</sub>–5<sub>1,5</sub><br />Calc: 37515.1650 MHz"
,18o,37243.431,0.0096,6,2,5,5,1,4,1,0,b,"MTBE-18o v<sub>t</sub> = 0<br />E 6<sub>2,5</sub>–5<sub>1,4</sub><br />Calc: 37243.4310 MHz"
,18o,37240.326,0.008,6,2,5,5,1,4,2,0,b,"MTBE-18o v<sub>t</sub> = 0<br />A 6<sub>2,5</sub>–5<sub>1,4</sub><br />Calc: 37240.3260 MHz"
39274.77554,18o,39274.783,0.0176,7,1,7,6,0,6,1,0,b,"MTBE-18o v<sub>t</sub> = 0<br />E 7<sub>1,7</sub>–6<sub>0,6</sub><br />Calc: 39274.7830 MHz<br /> Obs: 39274.7755 MHz"
39274.77554,18o,39274.766,0.0176,7,1,7,6,0,6,2,0,b,"MTBE-18o v<sub>t</sub> = 0<br />A 7<sub>1,7</sub>–6<sub>0,6</sub><br />Calc: 39274.7660 MHz<br /> Obs: 39274.7755 MHz"
,18o,36405.908,0.0128,7,0,7,6,1,6,1,0,b,"MTBE-18o v<sub>t</sub> = 0<br />E 7<sub>0,7</sub>–6<sub>1,6</sub><br />Calc: 36405.9080 MHz"
,18o,36405.767,0.0128,7,0,7,6,1,6,2,0,b,"MTBE-18o v<sub>t</sub> = 0<br />A 7<sub>0,7</sub>–6<sub>1,6</sub><br />Calc: 36405.7670 MHz"
